signal,form,sym,h,arm,t,corr,n_eff
SE_slope_10_2,level,EURSEK,1,"CONTEMP(lag0,untradable)",-0.38,-0.0064,3573
SE_slope_10_2,level,EURSEK,1,TRADABLE,-0.43,-0.0072,3573
SE_slope_10_2,level,EURSEK,5,"CONTEMP(lag0,untradable)",-0.5,-0.0186,713
SE_slope_10_2,level,EURSEK,5,TRADABLE,-0.57,-0.0212,714
SE_slope_10_2,level,EURSEK,20,"CONTEMP(lag0,untradable)",-0.69,-0.0522,177
SE_slope_10_2,level,EURSEK,20,TRADABLE,-0.73,-0.0547,177
SE_slope_10_2,level,USDSEK,1,"CONTEMP(lag0,untradable)",-1.24,-0.022,3173
SE_slope_10_2,level,USDSEK,1,TRADABLE,-0.65,-0.0115,3173
SE_slope_10_2,level,USDSEK,5,"CONTEMP(lag0,untradable)",-1.31,-0.0521,633
SE_slope_10_2,level,USDSEK,5,TRADABLE,-1.0,-0.0396,633
SE_slope_10_2,level,USDSEK,20,"CONTEMP(lag0,untradable)",-1.99,-0.1578,157
SE_slope_10_2,level,USDSEK,20,TRADABLE,-1.6,-0.1275,157
SE_slope_10_2,level,GBPSEK,1,"CONTEMP(lag0,untradable)",-0.78,-0.0133,3444
SE_slope_10_2,level,GBPSEK,1,TRADABLE,-0.75,-0.0127,3444
SE_slope_10_2,level,GBPSEK,5,"CONTEMP(lag0,untradable)",-0.51,-0.0195,688
SE_slope_10_2,level,GBPSEK,5,TRADABLE,-0.96,-0.0367,688
SE_slope_10_2,level,GBPSEK,20,"CONTEMP(lag0,untradable)",-0.64,-0.0489,171
SE_slope_10_2,level,GBPSEK,20,TRADABLE,-1.25,-0.0956,171
SE_slope_10_2,level,CHFSEK,1,"CONTEMP(lag0,untradable)",-1.7,-0.0409,1726
SE_slope_10_2,level,CHFSEK,1,TRADABLE,-1.12,-0.027,1726
SE_slope_10_2,level,CHFSEK,5,"CONTEMP(lag0,untradable)",-1.71,-0.0918,344
SE_slope_10_2,level,CHFSEK,5,TRADABLE,-1.23,-0.0661,344
SE_slope_10_2,level,CHFSEK,20,"CONTEMP(lag0,untradable)",-1.87,-0.2006,85
SE_slope_10_2,level,CHFSEK,20,TRADABLE,-1.56,-0.1687,85
SE_slope_10_2,level,NOKSEK,1,"CONTEMP(lag0,untradable)",-0.64,-0.0108,3448
SE_slope_10_2,level,NOKSEK,1,TRADABLE,-1.05,-0.0178,3448
SE_slope_10_2,level,NOKSEK,5,"CONTEMP(lag0,untradable)",-0.72,-0.0274,689
SE_slope_10_2,level,NOKSEK,5,TRADABLE,-1.19,-0.0455,688
SE_slope_10_2,level,NOKSEK,20,"CONTEMP(lag0,untradable)",-0.63,-0.0486,171
SE_slope_10_2,level,NOKSEK,20,TRADABLE,-1.32,-0.1011,171
SE_slope_10_2,level,SEKJPY,1,"CONTEMP(lag0,untradable)",1.89,0.0314,3611
SE_slope_10_2,level,SEKJPY,1,TRADABLE,1.01,0.0169,3611
SE_slope_10_2,level,SEKJPY,5,"CONTEMP(lag0,untradable)",2.6,0.0966,721
SE_slope_10_2,level,SEKJPY,5,TRADABLE,1.08,0.0401,721
SE_slope_10_2,level,SEKJPY,20,"CONTEMP(lag0,untradable)",2.75,0.2021,179
SE_slope_10_2,level,SEKJPY,20,TRADABLE,1.43,0.1069,179
SE_slope_10_2,chg5d,EURSEK,1,"CONTEMP(lag0,untradable)",-0.32,-0.0054,3573
SE_slope_10_2,chg5d,EURSEK,1,TRADABLE,0.46,0.0077,3573
SE_slope_10_2,chg5d,EURSEK,5,"CONTEMP(lag0,untradable)",-0.03,-0.0012,713
SE_slope_10_2,chg5d,EURSEK,5,TRADABLE,1.01,0.038,714
SE_slope_10_2,chg5d,EURSEK,20,"CONTEMP(lag0,untradable)",-0.28,-0.0212,177
SE_slope_10_2,chg5d,EURSEK,20,TRADABLE,0.38,0.0285,177
SE_slope_10_2,chg5d,USDSEK,1,"CONTEMP(lag0,untradable)",-0.62,-0.0109,3173
SE_slope_10_2,chg5d,USDSEK,1,TRADABLE,1.84,0.0326,3173
SE_slope_10_2,chg5d,USDSEK,5,"CONTEMP(lag0,untradable)",-0.86,-0.0342,633
SE_slope_10_2,chg5d,USDSEK,5,TRADABLE,1.63,0.0648,633
SE_slope_10_2,chg5d,USDSEK,20,"CONTEMP(lag0,untradable)",-1.27,-0.1014,157
SE_slope_10_2,chg5d,USDSEK,20,TRADABLE,0.6,0.0482,157
SE_slope_10_2,chg5d,GBPSEK,1,"CONTEMP(lag0,untradable)",1.03,0.0176,3444
SE_slope_10_2,chg5d,GBPSEK,1,TRADABLE,0.93,0.0158,3444
SE_slope_10_2,chg5d,GBPSEK,5,"CONTEMP(lag0,untradable)",1.21,0.0461,688
SE_slope_10_2,chg5d,GBPSEK,5,TRADABLE,1.16,0.0441,688
SE_slope_10_2,chg5d,GBPSEK,20,"CONTEMP(lag0,untradable)",0.11,0.0083,171
SE_slope_10_2,chg5d,GBPSEK,20,TRADABLE,0.08,0.0059,171
SE_slope_10_2,chg5d,CHFSEK,1,"CONTEMP(lag0,untradable)",-1.22,-0.0294,1726
SE_slope_10_2,chg5d,CHFSEK,1,TRADABLE,0.55,0.0132,1726
SE_slope_10_2,chg5d,CHFSEK,5,"CONTEMP(lag0,untradable)",-1.61,-0.0867,344
SE_slope_10_2,chg5d,CHFSEK,5,TRADABLE,1.11,0.06,344
SE_slope_10_2,chg5d,CHFSEK,20,"CONTEMP(lag0,untradable)",-0.72,-0.079,85
SE_slope_10_2,chg5d,CHFSEK,20,TRADABLE,0.19,0.0203,85
SE_slope_10_2,chg5d,NOKSEK,1,"CONTEMP(lag0,untradable)",0.44,0.0075,3448
SE_slope_10_2,chg5d,NOKSEK,1,TRADABLE,-1.44,-0.0246,3448
SE_slope_10_2,chg5d,NOKSEK,5,"CONTEMP(lag0,untradable)",0.38,0.0146,689
SE_slope_10_2,chg5d,NOKSEK,5,TRADABLE,-0.54,-0.0208,688
SE_slope_10_2,chg5d,NOKSEK,20,"CONTEMP(lag0,untradable)",0.27,0.021,171
SE_slope_10_2,chg5d,NOKSEK,20,TRADABLE,-0.1,-0.0079,171
SE_slope_10_2,chg5d,SEKJPY,1,"CONTEMP(lag0,untradable)",2.63,0.0438,3611
SE_slope_10_2,chg5d,SEKJPY,1,TRADABLE,-0.9,-0.0151,3611
SE_slope_10_2,chg5d,SEKJPY,5,"CONTEMP(lag0,untradable)",4.84,0.1776,721
SE_slope_10_2,chg5d,SEKJPY,5,TRADABLE,-0.98,-0.0367,721
SE_slope_10_2,chg5d,SEKJPY,20,"CONTEMP(lag0,untradable)",1.56,0.1166,179
SE_slope_10_2,chg5d,SEKJPY,20,TRADABLE,0.09,0.0066,179
SE_slope_10_5,level,EURSEK,1,"CONTEMP(lag0,untradable)",-0.18,-0.0029,3573
SE_slope_10_5,level,EURSEK,1,TRADABLE,-0.4,-0.0067,3573
SE_slope_10_5,level,EURSEK,5,"CONTEMP(lag0,untradable)",-0.22,-0.0083,713
SE_slope_10_5,level,EURSEK,5,TRADABLE,-0.6,-0.0223,714
SE_slope_10_5,level,EURSEK,20,"CONTEMP(lag0,untradable)",-0.74,-0.0555,177
SE_slope_10_5,level,EURSEK,20,TRADABLE,-0.44,-0.0334,177
SE_slope_10_5,level,USDSEK,1,"CONTEMP(lag0,untradable)",-1.2,-0.0213,3173
SE_slope_10_5,level,USDSEK,1,TRADABLE,-0.8,-0.0142,3173
SE_slope_10_5,level,USDSEK,5,"CONTEMP(lag0,untradable)",-1.33,-0.0527,633
SE_slope_10_5,level,USDSEK,5,TRADABLE,-1.26,-0.0501,633
SE_slope_10_5,level,USDSEK,20,"CONTEMP(lag0,untradable)",-1.84,-0.1456,157
SE_slope_10_5,level,USDSEK,20,TRADABLE,-1.17,-0.0934,157
SE_slope_10_5,level,GBPSEK,1,"CONTEMP(lag0,untradable)",-1.23,-0.0209,3444
SE_slope_10_5,level,GBPSEK,1,TRADABLE,-1.36,-0.0231,3444
SE_slope_10_5,level,GBPSEK,5,"CONTEMP(lag0,untradable)",-1.13,-0.0432,688
SE_slope_10_5,level,GBPSEK,5,TRADABLE,-1.7,-0.0647,688
SE_slope_10_5,level,GBPSEK,20,"CONTEMP(lag0,untradable)",-1.29,-0.099,171
SE_slope_10_5,level,GBPSEK,20,TRADABLE,-1.48,-0.1129,171
SE_slope_10_5,level,CHFSEK,1,"CONTEMP(lag0,untradable)",-1.64,-0.0393,1726
SE_slope_10_5,level,CHFSEK,1,TRADABLE,-1.23,-0.0296,1726
SE_slope_10_5,level,CHFSEK,5,"CONTEMP(lag0,untradable)",-1.79,-0.0963,344
SE_slope_10_5,level,CHFSEK,5,TRADABLE,-1.4,-0.0752,344
SE_slope_10_5,level,CHFSEK,20,"CONTEMP(lag0,untradable)",-1.99,-0.2135,85
SE_slope_10_5,level,CHFSEK,20,TRADABLE,-1.47,-0.1586,85
SE_slope_10_5,level,NOKSEK,1,"CONTEMP(lag0,untradable)",-1.3,-0.0222,3448
SE_slope_10_5,level,NOKSEK,1,TRADABLE,-1.2,-0.0204,3448
SE_slope_10_5,level,NOKSEK,5,"CONTEMP(lag0,untradable)",-0.66,-0.0253,689
SE_slope_10_5,level,NOKSEK,5,TRADABLE,-1.06,-0.0406,688
SE_slope_10_5,level,NOKSEK,20,"CONTEMP(lag0,untradable)",-0.94,-0.0722,171
SE_slope_10_5,level,NOKSEK,20,TRADABLE,-1.03,-0.079,171
SE_slope_10_5,level,SEKJPY,1,"CONTEMP(lag0,untradable)",0.98,0.0163,3611
SE_slope_10_5,level,SEKJPY,1,TRADABLE,0.96,0.0161,3611
SE_slope_10_5,level,SEKJPY,5,"CONTEMP(lag0,untradable)",1.56,0.0581,721
SE_slope_10_5,level,SEKJPY,5,TRADABLE,1.06,0.0396,721
SE_slope_10_5,level,SEKJPY,20,"CONTEMP(lag0,untradable)",1.92,0.1427,179
SE_slope_10_5,level,SEKJPY,20,TRADABLE,0.72,0.0537,179
SE_slope_10_5,chg5d,EURSEK,1,"CONTEMP(lag0,untradable)",0.58,0.0096,3573
SE_slope_10_5,chg5d,EURSEK,1,TRADABLE,0.42,0.007,3573
SE_slope_10_5,chg5d,EURSEK,5,"CONTEMP(lag0,untradable)",0.85,0.0318,713
SE_slope_10_5,chg5d,EURSEK,5,TRADABLE,0.0,0.0001,714
SE_slope_10_5,chg5d,EURSEK,20,"CONTEMP(lag0,untradable)",-0.43,-0.0324,177
SE_slope_10_5,chg5d,EURSEK,20,TRADABLE,0.04,0.0031,177
SE_slope_10_5,chg5d,USDSEK,1,"CONTEMP(lag0,untradable)",0.65,0.0115,3173
SE_slope_10_5,chg5d,USDSEK,1,TRADABLE,1.21,0.0214,3173
SE_slope_10_5,chg5d,USDSEK,5,"CONTEMP(lag0,untradable)",0.26,0.0102,633
SE_slope_10_5,chg5d,USDSEK,5,TRADABLE,0.03,0.0011,633
SE_slope_10_5,chg5d,USDSEK,20,"CONTEMP(lag0,untradable)",-0.99,-0.0788,157
SE_slope_10_5,chg5d,USDSEK,20,TRADABLE,-0.52,-0.0413,157
SE_slope_10_5,chg5d,GBPSEK,1,"CONTEMP(lag0,untradable)",1.77,0.0301,3444
SE_slope_10_5,chg5d,GBPSEK,1,TRADABLE,0.25,0.0042,3444
SE_slope_10_5,chg5d,GBPSEK,5,"CONTEMP(lag0,untradable)",1.97,0.075,688
SE_slope_10_5,chg5d,GBPSEK,5,TRADABLE,-0.58,-0.0222,688
SE_slope_10_5,chg5d,GBPSEK,20,"CONTEMP(lag0,untradable)",0.12,0.009,171
SE_slope_10_5,chg5d,GBPSEK,20,TRADABLE,-0.51,-0.0389,171
SE_slope_10_5,chg5d,CHFSEK,1,"CONTEMP(lag0,untradable)",-0.32,-0.0078,1726
SE_slope_10_5,chg5d,CHFSEK,1,TRADABLE,1.12,0.027,1726
SE_slope_10_5,chg5d,CHFSEK,5,"CONTEMP(lag0,untradable)",-0.65,-0.0352,344
SE_slope_10_5,chg5d,CHFSEK,5,TRADABLE,0.09,0.0051,344
SE_slope_10_5,chg5d,CHFSEK,20,"CONTEMP(lag0,untradable)",-0.57,-0.0619,85
SE_slope_10_5,chg5d,CHFSEK,20,TRADABLE,-0.69,-0.0758,85
SE_slope_10_5,chg5d,NOKSEK,1,"CONTEMP(lag0,untradable)",0.55,0.0094,3448
SE_slope_10_5,chg5d,NOKSEK,1,TRADABLE,-1.81,-0.0308,3448
SE_slope_10_5,chg5d,NOKSEK,5,"CONTEMP(lag0,untradable)",0.88,0.0335,689
SE_slope_10_5,chg5d,NOKSEK,5,TRADABLE,-0.99,-0.0379,688
SE_slope_10_5,chg5d,NOKSEK,20,"CONTEMP(lag0,untradable)",-0.09,-0.0067,171
SE_slope_10_5,chg5d,NOKSEK,20,TRADABLE,-0.65,-0.0499,171
SE_slope_10_5,chg5d,SEKJPY,1,"CONTEMP(lag0,untradable)",-0.29,-0.0048,3611
SE_slope_10_5,chg5d,SEKJPY,1,TRADABLE,-0.29,-0.0048,3611
SE_slope_10_5,chg5d,SEKJPY,5,"CONTEMP(lag0,untradable)",1.5,0.0557,721
SE_slope_10_5,chg5d,SEKJPY,5,TRADABLE,0.56,0.0207,721
SE_slope_10_5,chg5d,SEKJPY,20,"CONTEMP(lag0,untradable)",0.99,0.0741,179
SE_slope_10_5,chg5d,SEKJPY,20,TRADABLE,0.44,0.0327,179
SE_curv_2_5_10,level,EURSEK,1,"CONTEMP(lag0,untradable)",-0.55,-0.0093,3573
SE_curv_2_5_10,level,EURSEK,1,TRADABLE,-0.04,-0.0007,3573
SE_curv_2_5_10,level,EURSEK,5,"CONTEMP(lag0,untradable)",-0.39,-0.0145,713
SE_curv_2_5_10,level,EURSEK,5,TRADABLE,0.06,0.0021,714
SE_curv_2_5_10,level,EURSEK,20,"CONTEMP(lag0,untradable)",-0.04,-0.0028,177
SE_curv_2_5_10,level,EURSEK,20,TRADABLE,-0.48,-0.0363,177
SE_curv_2_5_10,level,USDSEK,1,"CONTEMP(lag0,untradable)",0.25,0.0045,3173
SE_curv_2_5_10,level,USDSEK,1,TRADABLE,0.55,0.0098,3173
SE_curv_2_5_10,level,USDSEK,5,"CONTEMP(lag0,untradable)",0.55,0.022,633
SE_curv_2_5_10,level,USDSEK,5,TRADABLE,0.87,0.0347,633
SE_curv_2_5_10,level,USDSEK,20,"CONTEMP(lag0,untradable)",0.46,0.037,157
SE_curv_2_5_10,level,USDSEK,20,TRADABLE,0.15,0.0117,157
SE_curv_2_5_10,level,GBPSEK,1,"CONTEMP(lag0,untradable)",0.26,0.0045,3444
SE_curv_2_5_10,level,GBPSEK,1,TRADABLE,0.63,0.0108,3444
SE_curv_2_5_10,level,GBPSEK,5,"CONTEMP(lag0,untradable)",0.51,0.0193,688
SE_curv_2_5_10,level,GBPSEK,5,TRADABLE,0.91,0.0347,688
SE_curv_2_5_10,level,GBPSEK,20,"CONTEMP(lag0,untradable)",0.68,0.0521,171
SE_curv_2_5_10,level,GBPSEK,20,TRADABLE,0.3,0.0228,171
SE_curv_2_5_10,level,CHFSEK,1,"CONTEMP(lag0,untradable)",0.11,0.0027,1726
SE_curv_2_5_10,level,CHFSEK,1,TRADABLE,0.55,0.0131,1726
SE_curv_2_5_10,level,CHFSEK,5,"CONTEMP(lag0,untradable)",0.56,0.0302,344
SE_curv_2_5_10,level,CHFSEK,5,TRADABLE,0.67,0.0362,344
SE_curv_2_5_10,level,CHFSEK,20,"CONTEMP(lag0,untradable)",0.7,0.076,85
SE_curv_2_5_10,level,CHFSEK,20,TRADABLE,0.04,0.0038,85
SE_curv_2_5_10,level,NOKSEK,1,"CONTEMP(lag0,untradable)",0.32,0.0055,3448
SE_curv_2_5_10,level,NOKSEK,1,TRADABLE,0.04,0.0006,3448
SE_curv_2_5_10,level,NOKSEK,5,"CONTEMP(lag0,untradable)",-0.24,-0.0091,689
SE_curv_2_5_10,level,NOKSEK,5,TRADABLE,-0.1,-0.0038,688
SE_curv_2_5_10,level,NOKSEK,20,"CONTEMP(lag0,untradable)",0.26,0.0203,171
SE_curv_2_5_10,level,NOKSEK,20,TRADABLE,-0.35,-0.0268,171
SE_curv_2_5_10,level,SEKJPY,1,"CONTEMP(lag0,untradable)",1.66,0.0276,3611
SE_curv_2_5_10,level,SEKJPY,1,TRADABLE,0.59,0.0098,3611
SE_curv_2_5_10,level,SEKJPY,5,"CONTEMP(lag0,untradable)",1.49,0.0556,721
SE_curv_2_5_10,level,SEKJPY,5,TRADABLE,0.27,0.01,721
SE_curv_2_5_10,level,SEKJPY,20,"CONTEMP(lag0,untradable)",1.21,0.0904,179
SE_curv_2_5_10,level,SEKJPY,20,TRADABLE,0.92,0.0687,179
SE_curv_2_5_10,chg5d,EURSEK,1,"CONTEMP(lag0,untradable)",-0.8,-0.0134,3573
SE_curv_2_5_10,chg5d,EURSEK,1,TRADABLE,0.1,0.0016,3573
SE_curv_2_5_10,chg5d,EURSEK,5,"CONTEMP(lag0,untradable)",-1.06,-0.0396,713
SE_curv_2_5_10,chg5d,EURSEK,5,TRADABLE,1.4,0.0524,714
SE_curv_2_5_10,chg5d,EURSEK,20,"CONTEMP(lag0,untradable)",0.17,0.0128,177
SE_curv_2_5_10,chg5d,EURSEK,20,TRADABLE,0.6,0.0456,177
SE_curv_2_5_10,chg5d,USDSEK,1,"CONTEMP(lag0,untradable)",-1.7,-0.0301,3173
SE_curv_2_5_10,chg5d,USDSEK,1,TRADABLE,0.14,0.0025,3173
SE_curv_2_5_10,chg5d,USDSEK,5,"CONTEMP(lag0,untradable)",-1.21,-0.0482,633
SE_curv_2_5_10,chg5d,USDSEK,5,TRADABLE,1.86,0.0739,633
SE_curv_2_5_10,chg5d,USDSEK,20,"CONTEMP(lag0,untradable)",-0.09,-0.0075,157
SE_curv_2_5_10,chg5d,USDSEK,20,TRADABLE,1.45,0.1153,157
SE_curv_2_5_10,chg5d,GBPSEK,1,"CONTEMP(lag0,untradable)",-1.4,-0.0239,3444
SE_curv_2_5_10,chg5d,GBPSEK,1,TRADABLE,0.46,0.0079,3444
SE_curv_2_5_10,chg5d,GBPSEK,5,"CONTEMP(lag0,untradable)",-1.24,-0.0472,688
SE_curv_2_5_10,chg5d,GBPSEK,5,TRADABLE,1.99,0.0758,688
SE_curv_2_5_10,chg5d,GBPSEK,20,"CONTEMP(lag0,untradable)",-0.11,-0.0087,171
SE_curv_2_5_10,chg5d,GBPSEK,20,TRADABLE,0.96,0.0736,171
SE_curv_2_5_10,chg5d,CHFSEK,1,"CONTEMP(lag0,untradable)",-1.03,-0.0248,1726
SE_curv_2_5_10,chg5d,CHFSEK,1,TRADABLE,-0.94,-0.0225,1726
SE_curv_2_5_10,chg5d,CHFSEK,5,"CONTEMP(lag0,untradable)",-1.13,-0.0611,344
SE_curv_2_5_10,chg5d,CHFSEK,5,TRADABLE,1.39,0.0748,344
SE_curv_2_5_10,chg5d,CHFSEK,20,"CONTEMP(lag0,untradable)",-0.13,-0.0143,85
SE_curv_2_5_10,chg5d,CHFSEK,20,TRADABLE,1.2,0.1302,85
SE_curv_2_5_10,chg5d,NOKSEK,1,"CONTEMP(lag0,untradable)",-0.31,-0.0052,3448
SE_curv_2_5_10,chg5d,NOKSEK,1,TRADABLE,0.95,0.0161,3448
SE_curv_2_5_10,chg5d,NOKSEK,5,"CONTEMP(lag0,untradable)",-0.53,-0.0201,689
SE_curv_2_5_10,chg5d,NOKSEK,5,TRADABLE,0.57,0.0216,688
SE_curv_2_5_10,chg5d,NOKSEK,20,"CONTEMP(lag0,untradable)",0.51,0.0393,171
SE_curv_2_5_10,chg5d,NOKSEK,20,TRADABLE,0.89,0.0685,171
SE_curv_2_5_10,chg5d,SEKJPY,1,"CONTEMP(lag0,untradable)",3.49,0.058,3611
SE_curv_2_5_10,chg5d,SEKJPY,1,TRADABLE,-0.37,-0.0062,3611
SE_curv_2_5_10,chg5d,SEKJPY,5,"CONTEMP(lag0,untradable)",3.37,0.1246,721
SE_curv_2_5_10,chg5d,SEKJPY,5,TRADABLE,-1.97,-0.0732,721
SE_curv_2_5_10,chg5d,SEKJPY,20,"CONTEMP(lag0,untradable)",0.36,0.0273,179
SE_curv_2_5_10,chg5d,SEKJPY,20,TRADABLE,-0.57,-0.0427,179
SEDE_10y_diff,level,EURSEK,1,"CONTEMP(lag0,untradable)",-2.55,-0.0459,3069
SEDE_10y_diff,level,EURSEK,1,TRADABLE,-0.67,-0.012,3069
SEDE_10y_diff,level,EURSEK,5,"CONTEMP(lag0,untradable)",-2.57,-0.1036,613
SEDE_10y_diff,level,EURSEK,5,TRADABLE,-0.7,-0.0282,613
SEDE_10y_diff,level,EURSEK,20,"CONTEMP(lag0,untradable)",-2.01,-0.1615,152
SEDE_10y_diff,level,EURSEK,20,TRADABLE,-0.36,-0.0292,152
SEDE_10y_diff,level,USDSEK,1,"CONTEMP(lag0,untradable)",-1.94,-0.0375,2669
SEDE_10y_diff,level,USDSEK,1,TRADABLE,-0.78,-0.015,2669
SEDE_10y_diff,level,USDSEK,5,"CONTEMP(lag0,untradable)",-1.62,-0.0702,533
SEDE_10y_diff,level,USDSEK,5,TRADABLE,-1.09,-0.0473,533
SEDE_10y_diff,level,USDSEK,20,"CONTEMP(lag0,untradable)",-1.64,-0.142,132
SEDE_10y_diff,level,USDSEK,20,TRADABLE,-1.54,-0.1333,132
SEDE_10y_diff,level,GBPSEK,1,"CONTEMP(lag0,untradable)",-3.0,-0.0552,2940
SEDE_10y_diff,level,GBPSEK,1,TRADABLE,-1.82,-0.0336,2940
SEDE_10y_diff,level,GBPSEK,5,"CONTEMP(lag0,untradable)",-2.46,-0.1012,587
SEDE_10y_diff,level,GBPSEK,5,TRADABLE,-2.08,-0.0856,587
SEDE_10y_diff,level,GBPSEK,20,"CONTEMP(lag0,untradable)",-1.72,-0.142,146
SEDE_10y_diff,level,GBPSEK,20,TRADABLE,-1.34,-0.1111,146
SEDE_10y_diff,level,CHFSEK,1,"CONTEMP(lag0,untradable)",-2.13,-0.0555,1474
SEDE_10y_diff,level,CHFSEK,1,TRADABLE,-1.66,-0.0433,1474
SEDE_10y_diff,level,CHFSEK,5,"CONTEMP(lag0,untradable)",-2.21,-0.1283,294
SEDE_10y_diff,level,CHFSEK,5,TRADABLE,-1.59,-0.0923,294
SEDE_10y_diff,level,CHFSEK,20,"CONTEMP(lag0,untradable)",-2.15,-0.2472,72
SEDE_10y_diff,level,CHFSEK,20,TRADABLE,-1.88,-0.2185,72
SEDE_10y_diff,level,NOKSEK,1,"CONTEMP(lag0,untradable)",-1.06,-0.0196,2944
SEDE_10y_diff,level,NOKSEK,1,TRADABLE,-0.78,-0.0144,2944
SEDE_10y_diff,level,NOKSEK,5,"CONTEMP(lag0,untradable)",-1.69,-0.0697,588
SEDE_10y_diff,level,NOKSEK,5,TRADABLE,-0.89,-0.0369,588
SEDE_10y_diff,level,NOKSEK,20,"CONTEMP(lag0,untradable)",-1.14,-0.0945,146
SEDE_10y_diff,level,NOKSEK,20,TRADABLE,-0.4,-0.0331,146
SEDE_10y_diff,level,SEKJPY,1,"CONTEMP(lag0,untradable)",1.07,0.0192,3107
SEDE_10y_diff,level,SEKJPY,1,TRADABLE,1.17,0.021,3107
SEDE_10y_diff,level,SEKJPY,5,"CONTEMP(lag0,untradable)",1.99,0.0796,620
SEDE_10y_diff,level,SEKJPY,5,TRADABLE,1.18,0.0473,620
SEDE_10y_diff,level,SEKJPY,20,"CONTEMP(lag0,untradable)",1.97,0.1574,154
SEDE_10y_diff,level,SEKJPY,20,TRADABLE,0.99,0.08,154
SEDE_10y_diff,chg5d,EURSEK,1,"CONTEMP(lag0,untradable)",-5.22,-0.094,3059
SEDE_10y_diff,chg5d,EURSEK,1,TRADABLE,-0.11,-0.002,3059
SEDE_10y_diff,chg5d,EURSEK,5,"CONTEMP(lag0,untradable)",-5.34,-0.2115,611
SEDE_10y_diff,chg5d,EURSEK,5,TRADABLE,0.09,0.0036,611
SEDE_10y_diff,chg5d,EURSEK,20,"CONTEMP(lag0,untradable)",-1.03,-0.0836,152
SEDE_10y_diff,chg5d,EURSEK,20,TRADABLE,-0.4,-0.0327,152
SEDE_10y_diff,chg5d,USDSEK,1,"CONTEMP(lag0,untradable)",-0.71,-0.0138,2659
SEDE_10y_diff,chg5d,USDSEK,1,TRADABLE,2.12,0.0412,2659
SEDE_10y_diff,chg5d,USDSEK,5,"CONTEMP(lag0,untradable)",-1.08,-0.0467,531
SEDE_10y_diff,chg5d,USDSEK,5,TRADABLE,2.28,0.0986,531
SEDE_10y_diff,chg5d,USDSEK,20,"CONTEMP(lag0,untradable)",-0.94,-0.0825,132
SEDE_10y_diff,chg5d,USDSEK,20,TRADABLE,-0.12,-0.0102,132
SEDE_10y_diff,chg5d,GBPSEK,1,"CONTEMP(lag0,untradable)",-1.87,-0.0345,2930
SEDE_10y_diff,chg5d,GBPSEK,1,TRADABLE,0.08,0.0014,2930
SEDE_10y_diff,chg5d,GBPSEK,5,"CONTEMP(lag0,untradable)",-0.54,-0.0225,585
SEDE_10y_diff,chg5d,GBPSEK,5,TRADABLE,-0.51,-0.0212,585
SEDE_10y_diff,chg5d,GBPSEK,20,"CONTEMP(lag0,untradable)",0.37,0.0309,145
SEDE_10y_diff,chg5d,GBPSEK,20,TRADABLE,-0.59,-0.049,145
SEDE_10y_diff,chg5d,CHFSEK,1,"CONTEMP(lag0,untradable)",-1.01,-0.0264,1469
SEDE_10y_diff,chg5d,CHFSEK,1,TRADABLE,-0.16,-0.0041,1469
SEDE_10y_diff,chg5d,CHFSEK,5,"CONTEMP(lag0,untradable)",-1.37,-0.0803,293
SEDE_10y_diff,chg5d,CHFSEK,5,TRADABLE,0.65,0.0382,293
SEDE_10y_diff,chg5d,CHFSEK,20,"CONTEMP(lag0,untradable)",-0.38,-0.0455,72
SEDE_10y_diff,chg5d,CHFSEK,20,TRADABLE,-0.24,-0.0288,72
SEDE_10y_diff,chg5d,NOKSEK,1,"CONTEMP(lag0,untradable)",-2.14,-0.0394,2934
SEDE_10y_diff,chg5d,NOKSEK,1,TRADABLE,-1.42,-0.0262,2934
SEDE_10y_diff,chg5d,NOKSEK,5,"CONTEMP(lag0,untradable)",-2.38,-0.098,586
SEDE_10y_diff,chg5d,NOKSEK,5,TRADABLE,-0.24,-0.0099,586
SEDE_10y_diff,chg5d,NOKSEK,20,"CONTEMP(lag0,untradable)",-0.39,-0.0323,145
SEDE_10y_diff,chg5d,NOKSEK,20,TRADABLE,0.11,0.0095,145
SEDE_10y_diff,chg5d,SEKJPY,1,"CONTEMP(lag0,untradable)",-0.77,-0.0138,3097
SEDE_10y_diff,chg5d,SEKJPY,1,TRADABLE,-0.06,-0.0011,3097
SEDE_10y_diff,chg5d,SEKJPY,5,"CONTEMP(lag0,untradable)",1.36,0.0548,618
SEDE_10y_diff,chg5d,SEKJPY,5,TRADABLE,-0.29,-0.0116,618
SEDE_10y_diff,chg5d,SEKJPY,20,"CONTEMP(lag0,untradable)",0.68,0.0547,154
SEDE_10y_diff,chg5d,SEKJPY,20,TRADABLE,0.73,0.0588,153
SEUS_10y_diff,level,EURSEK,1,"CONTEMP(lag0,untradable)",-0.88,-0.019,2165
SEUS_10y_diff,level,EURSEK,1,TRADABLE,-0.21,-0.0046,2165
SEUS_10y_diff,level,EURSEK,5,"CONTEMP(lag0,untradable)",-0.94,-0.0452,433
SEUS_10y_diff,level,EURSEK,5,TRADABLE,0.08,0.0039,433
SEUS_10y_diff,level,EURSEK,20,"CONTEMP(lag0,untradable)",-1.04,-0.1008,108
SEUS_10y_diff,level,EURSEK,20,TRADABLE,0.19,0.0185,108
SEUS_10y_diff,level,USDSEK,1,"CONTEMP(lag0,untradable)",-2.4,-0.0515,2166
SEUS_10y_diff,level,USDSEK,1,TRADABLE,-0.03,-0.0007,2166
SEUS_10y_diff,level,USDSEK,5,"CONTEMP(lag0,untradable)",-2.02,-0.0968,433
SEUS_10y_diff,level,USDSEK,5,TRADABLE,0.12,0.0056,433
SEUS_10y_diff,level,USDSEK,20,"CONTEMP(lag0,untradable)",-1.92,-0.1832,108
SEUS_10y_diff,level,USDSEK,20,TRADABLE,0.14,0.0136,108
SEUS_10y_diff,level,GBPSEK,1,"CONTEMP(lag0,untradable)",-2.0,-0.0429,2165
SEUS_10y_diff,level,GBPSEK,1,TRADABLE,-1.12,-0.024,2165
SEUS_10y_diff,level,GBPSEK,5,"CONTEMP(lag0,untradable)",-1.96,-0.0939,433
SEUS_10y_diff,level,GBPSEK,5,TRADABLE,-0.89,-0.0429,433
SEUS_10y_diff,level,GBPSEK,20,"CONTEMP(lag0,untradable)",-2.17,-0.2061,108
SEUS_10y_diff,level,GBPSEK,20,TRADABLE,-0.58,-0.0561,108
SEUS_10y_diff,level,CHFSEK,1,"CONTEMP(lag0,untradable)",-0.29,-0.0078,1392
SEUS_10y_diff,level,CHFSEK,1,TRADABLE,-0.27,-0.0073,1393
SEUS_10y_diff,level,CHFSEK,5,"CONTEMP(lag0,untradable)",-0.86,-0.0516,277
SEUS_10y_diff,level,CHFSEK,5,TRADABLE,0.37,0.0224,278
SEUS_10y_diff,level,CHFSEK,20,"CONTEMP(lag0,untradable)",-0.96,-0.1169,68
SEUS_10y_diff,level,CHFSEK,20,TRADABLE,0.34,0.0409,69
SEUS_10y_diff,level,NOKSEK,1,"CONTEMP(lag0,untradable)",-1.08,-0.0238,2073
SEUS_10y_diff,level,NOKSEK,1,TRADABLE,-0.54,-0.0119,2073
SEUS_10y_diff,level,NOKSEK,5,"CONTEMP(lag0,untradable)",-1.4,-0.0687,414
SEUS_10y_diff,level,NOKSEK,5,TRADABLE,-0.72,-0.0354,414
SEUS_10y_diff,level,NOKSEK,20,"CONTEMP(lag0,untradable)",-1.35,-0.1326,103
SEUS_10y_diff,level,NOKSEK,20,TRADABLE,-0.29,-0.0286,103
SEUS_10y_diff,level,SEKJPY,1,"CONTEMP(lag0,untradable)",-0.45,-0.0096,2166
SEUS_10y_diff,level,SEKJPY,1,TRADABLE,-0.29,-0.0063,2166
SEUS_10y_diff,level,SEKJPY,5,"CONTEMP(lag0,untradable)",0.28,0.0136,433
SEUS_10y_diff,level,SEKJPY,5,TRADABLE,-0.38,-0.0181,433
SEUS_10y_diff,level,SEKJPY,20,"CONTEMP(lag0,untradable)",0.06,0.006,108
SEUS_10y_diff,level,SEKJPY,20,TRADABLE,-0.35,-0.0342,108
SEUS_10y_diff,chg5d,EURSEK,1,"CONTEMP(lag0,untradable)",-2.12,-0.0457,2150
SEUS_10y_diff,chg5d,EURSEK,1,TRADABLE,0.49,0.0106,2150
SEUS_10y_diff,chg5d,EURSEK,5,"CONTEMP(lag0,untradable)",-2.64,-0.1268,430
SEUS_10y_diff,chg5d,EURSEK,5,TRADABLE,1.08,0.0521,430
SEUS_10y_diff,chg5d,EURSEK,20,"CONTEMP(lag0,untradable)",-0.61,-0.0596,107
SEUS_10y_diff,chg5d,EURSEK,20,TRADABLE,-0.06,-0.0058,107
SEUS_10y_diff,chg5d,USDSEK,1,"CONTEMP(lag0,untradable)",-6.74,-0.144,2151
SEUS_10y_diff,chg5d,USDSEK,1,TRADABLE,0.96,0.0207,2151
SEUS_10y_diff,chg5d,USDSEK,5,"CONTEMP(lag0,untradable)",-5.92,-0.2752,430
SEUS_10y_diff,chg5d,USDSEK,5,TRADABLE,1.26,0.0608,430
SEUS_10y_diff,chg5d,USDSEK,20,"CONTEMP(lag0,untradable)",-1.35,-0.1303,107
SEUS_10y_diff,chg5d,USDSEK,20,TRADABLE,-0.02,-0.0016,107
SEUS_10y_diff,chg5d,GBPSEK,1,"CONTEMP(lag0,untradable)",-3.46,-0.0744,2150
SEUS_10y_diff,chg5d,GBPSEK,1,TRADABLE,-0.93,-0.02,2150
SEUS_10y_diff,chg5d,GBPSEK,5,"CONTEMP(lag0,untradable)",-3.03,-0.1447,430
SEUS_10y_diff,chg5d,GBPSEK,5,TRADABLE,-0.61,-0.0295,430
SEUS_10y_diff,chg5d,GBPSEK,20,"CONTEMP(lag0,untradable)",-1.15,-0.1113,107
SEUS_10y_diff,chg5d,GBPSEK,20,TRADABLE,0.12,0.0116,107
SEUS_10y_diff,chg5d,CHFSEK,1,"CONTEMP(lag0,untradable)",-1.94,-0.052,1387
SEUS_10y_diff,chg5d,CHFSEK,1,TRADABLE,-0.81,-0.0219,1388
SEUS_10y_diff,chg5d,CHFSEK,5,"CONTEMP(lag0,untradable)",-2.37,-0.1413,276
SEUS_10y_diff,chg5d,CHFSEK,5,TRADABLE,0.08,0.0046,277
SEUS_10y_diff,chg5d,CHFSEK,20,"CONTEMP(lag0,untradable)",-0.25,-0.0304,68
SEUS_10y_diff,chg5d,CHFSEK,20,TRADABLE,0.28,0.0337,69
SEUS_10y_diff,chg5d,NOKSEK,1,"CONTEMP(lag0,untradable)",-2.51,-0.0553,2058
SEUS_10y_diff,chg5d,NOKSEK,1,TRADABLE,-1.26,-0.0278,2058
SEUS_10y_diff,chg5d,NOKSEK,5,"CONTEMP(lag0,untradable)",-2.21,-0.1087,411
SEUS_10y_diff,chg5d,NOKSEK,5,TRADABLE,-0.87,-0.0428,411
SEUS_10y_diff,chg5d,NOKSEK,20,"CONTEMP(lag0,untradable)",-1.13,-0.1118,102
SEUS_10y_diff,chg5d,NOKSEK,20,TRADABLE,-0.38,-0.0382,102
SEUS_10y_diff,chg5d,SEKJPY,1,"CONTEMP(lag0,untradable)",-1.35,-0.0292,2151
SEUS_10y_diff,chg5d,SEKJPY,1,TRADABLE,-1.07,-0.0231,2151
SEUS_10y_diff,chg5d,SEKJPY,5,"CONTEMP(lag0,untradable)",0.66,0.0319,430
SEUS_10y_diff,chg5d,SEKJPY,5,TRADABLE,-1.04,-0.0501,430
SEUS_10y_diff,chg5d,SEKJPY,20,"CONTEMP(lag0,untradable)",-0.4,-0.0388,107
SEUS_10y_diff,chg5d,SEKJPY,20,TRADABLE,-0.24,-0.0232,107
