0,1,2,3,4,5,6,7,8,9,10,11,12,13,14,15,16,17,18,19
groupName,symbol,product,assetClass,spreadMin,spreadAvg,asset,exchange,digits,stopLevel,contractSize,currency,minVolumeClick,maxVolumeClick,leverageVfsc,leverageAsic,tradingHours,tickerCode,majority,currencyIcon
CURRENCY,{{SYMBOL_EUR_USD}},{{PRODUCT_EUR_USD}},{{ASSET_CLASS_CURRENCY}},0.00,0.01,"{{img:https://strapi-content-264190062813.s3.ap-southeast-2.amazonaws.com/Property_1_EU_af6b48d770.svg}}
{{img:https://strapi-content-264190062813.s3.ap-southeast-2.amazonaws.com/Property_1_US_eb7f7208c5.svg}}",,,,,,,,,,,,major,
CURRENCY,{{SYMBOL_AUD_USD}},{{PRODUCT_AUD_USD}},{{ASSET_CLASS_CURRENCY}},0.00,0.01,"{{img:https://strapi-content-264190062813.s3.ap-southeast-2.amazonaws.com/Property_1_AU_12872f33e2.svg}}
{{img:https://strapi-content-264190062813.s3.ap-southeast-2.amazonaws.com/Property_1_US_eb7f7208c5.svg}}",,,,,,,,,,,,major,
CURRENCY,{{SYMBOL_USD_JPY}},{{PRODUCT_USD_JPY}},{{ASSET_CLASS_CURRENCY}},0.00,0.04,"{{img:https://strapi-content-264190062813.s3.ap-southeast-2.amazonaws.com/Property_1_US_eb7f7208c5.svg}}
{{img:https://strapi-content-264190062813.s3.ap-southeast-2.amazonaws.com/Property_1_JP_ce071c002e.svg}}",,,,,,,,,,,,major,
CURRENCY,{{SYMBOL_GBP_USD}},{{PRODUCT_GBP_USD}},{{ASSET_CLASS_CURRENCY}},0.00,0.05,"{{img:https://strapi-content-264190062813.s3.ap-southeast-2.amazonaws.com/Property_1_GB_30cf8fd5d9.svg}}
{{img:https://strapi-content-264190062813.s3.ap-southeast-2.amazonaws.com/Property_1_US_eb7f7208c5.svg}}",,,,,,,,,,,,major,
CURRENCY,{{SYMBOL_USD_CHF}},{{PRODUCT_USD_CHF}},{{ASSET_CLASS_CURRENCY}},0.00,0.12,"{{img:https://strapi-content-264190062813.s3.ap-southeast-2.amazonaws.com/Property_1_US_eb7f7208c5.svg}}
{{img:https://strapi-content-264190062813.s3.ap-southeast-2.amazonaws.com/Property_1_CH_b3bdda9473.svg}}",,,,,,,,,,,,major,
CURRENCY,{{SYMBOL_USD_CAD}},{{PRODUCT_USD_CAD}},{{ASSET_CLASS_CURRENCY}},0.00,0.04,"{{img:https://strapi-content-264190062813.s3.ap-southeast-2.amazonaws.com/Property_1_US_eb7f7208c5.svg}}
{{img:https://strapi-content-264190062813.s3.ap-southeast-2.amazonaws.com/Property_1_CA_a0d16d89bc.svg}}",,,,,,,,,,,,major,
CURRENCY,{{SYMBOL_AUD_CAD}},{{PRODUCT_AUD_CAD}},{{ASSET_CLASS_CURRENCY}},0.00,0.25,"{{img:https://strapi-content-264190062813.s3.ap-southeast-2.amazonaws.com/Property_1_AU_12872f33e2.svg}}
{{img:https://strapi-content-264190062813.s3.ap-southeast-2.amazonaws.com/Property_1_CA_a0d16d89bc.svg}}",,,,,,,,,,,,minor,
CURRENCY,{{SYMBOL_AUD_CHF}},{{PRODUCT_AUD_CHF}},{{ASSET_CLASS_CURRENCY}},0.00,0.27,"{{img:https://strapi-content-264190062813.s3.ap-southeast-2.amazonaws.com/Property_1_AU_12872f33e2.svg}}
{{img:https://strapi-content-264190062813.s3.ap-southeast-2.amazonaws.com/Property_1_CH_b3bdda9473.svg}}",,,,,,,,,,,,minor,
CURRENCY,{{SYMBOL_AUD_HUF}},{{PRODUCT_AUD_HUF}},{{ASSET_CLASS_CURRENCY}},960.00,1851.11,"{{img:https://strapi-content-264190062813.s3.ap-southeast-2.amazonaws.com/Property_1_AU_12872f33e2.svg}}
{{img:https://strapi-content-264190062813.s3.ap-southeast-2.amazonaws.com/Property_1_HU_f2bd9822b2.svg}}",,,,,,,,,,,,exotic,
CURRENCY,{{SYMBOL_AUD_JPY}},{{PRODUCT_AUD_JPY}},{{ASSET_CLASS_CURRENCY}},0.00,0.28,"{{img:https://strapi-content-264190062813.s3.ap-southeast-2.amazonaws.com/Property_1_AU_12872f33e2.svg}}
{{img:https://strapi-content-264190062813.s3.ap-southeast-2.amazonaws.com/Property_1_JP_ce071c002e.svg}}",,,,,,,,,,,,minor,
CURRENCY,{{SYMBOL_AUD_NZD}},{{PRODUCT_AUD_NZD}},{{ASSET_CLASS_CURRENCY}},0.00,0.76,"{{img:https://strapi-content-264190062813.s3.ap-southeast-2.amazonaws.com/Property_1_AU_12872f33e2.svg}}
{{img:https://strapi-content-264190062813.s3.ap-southeast-2.amazonaws.com/Property_1_NZ_85b338e650.svg}}",,,,,,,,,,,,minor,
CURRENCY,{{SYMBOL_AUD_SGD}},{{PRODUCT_AUD_SGD}},{{ASSET_CLASS_CURRENCY}},0.00,0.72,"{{img:https://strapi-content-264190062813.s3.ap-southeast-2.amazonaws.com/Property_1_AU_12872f33e2.svg}}
{{img:https://strapi-content-264190062813.s3.ap-southeast-2.amazonaws.com/Property_1_SG_a15319447c.svg}}",,,,,,,,,,,,minor,
CURRENCY,{{SYMBOL_CAD_CHF}},{{PRODUCT_CAD_CHF}},{{ASSET_CLASS_CURRENCY}},0.00,0.40,"{{img:https://strapi-content-264190062813.s3.ap-southeast-2.amazonaws.com/Property_1_CA_a0d16d89bc.svg}}
{{img:https://strapi-content-264190062813.s3.ap-southeast-2.amazonaws.com/Property_1_CH_b3bdda9473.svg}}",,,,,,,,,,,,minor,
CURRENCY,{{SYMBOL_CAD_JPY}},{{PRODUCT_CAD_JPY}},{{ASSET_CLASS_CURRENCY}},0.00,0.29,"{{img:https://strapi-content-264190062813.s3.ap-southeast-2.amazonaws.com/Property_1_CA_a0d16d89bc.svg}}
{{img:https://strapi-content-264190062813.s3.ap-southeast-2.amazonaws.com/Property_1_JP_ce071c002e.svg}}",,,,,,,,,,,,minor,
CURRENCY,{{SYMBOL_CHF_DKK}},{{PRODUCT_CHF_DKK}},{{ASSET_CLASS_CURRENCY}},3.70,11.95,"{{img:https://strapi-content-264190062813.s3.ap-southeast-2.amazonaws.com/Property_1_CH_b3bdda9473.svg}}
{{img:https://strapi-content-264190062813.s3.ap-southeast-2.amazonaws.com/Property_1_DK_e491d32f33.svg}}",,,,,,,,,,,,exotic,
CURRENCY,{{SYMBOL_CHF_HUF}},{{PRODUCT_CHF_HUF}},{{ASSET_CLASS_CURRENCY}},1525.00,3431.25,"{{img:https://strapi-content-264190062813.s3.ap-southeast-2.amazonaws.com/Property_1_CH_b3bdda9473.svg}}
{{img:https://strapi-content-264190062813.s3.ap-southeast-2.amazonaws.com/Property_1_HU_f2bd9822b2.svg}}",,,,,,,,,,,,exotic,
CURRENCY,{{SYMBOL_CHF_JPY}},{{PRODUCT_CHF_JPY}},{{ASSET_CLASS_CURRENCY}},0.00,0.81,"{{img:https://strapi-content-264190062813.s3.ap-southeast-2.amazonaws.com/Property_1_CH_b3bdda9473.svg}}
{{img:https://strapi-content-264190062813.s3.ap-southeast-2.amazonaws.com/Property_1_JP_ce071c002e.svg}}",,,,,,,,,,,,minor,
CURRENCY,{{SYMBOL_CHF_NOK}},{{PRODUCT_CHF_NOK}},{{ASSET_CLASS_CURRENCY}},9.90,52.56,"{{img:https://strapi-content-264190062813.s3.ap-southeast-2.amazonaws.com/Property_1_CH_b3bdda9473.svg}}
{{img:https://strapi-content-264190062813.s3.ap-southeast-2.amazonaws.com/Property_1_NO_7de5f5e636.svg}}",,,,,,,,,,,,exotic,
CURRENCY,{{SYMBOL_CHF_PLN}},{{PRODUCT_CHF_PLN}},{{ASSET_CLASS_CURRENCY}},17.39,37.62,"{{img:https://strapi-content-264190062813.s3.ap-southeast-2.amazonaws.com/Property_1_CH_b3bdda9473.svg}}
{{img:https://strapi-content-264190062813.s3.ap-southeast-2.amazonaws.com/Property_1_PL_924349b848.svg}}",,,,,,,,,,,,exotic,
CURRENCY,{{SYMBOL_CHF_SEK}},{{PRODUCT_CHF_SEK}},{{ASSET_CLASS_CURRENCY}},51.40,108.43,"{{img:https://strapi-content-264190062813.s3.ap-southeast-2.amazonaws.com/Property_1_CH_b3bdda9473.svg}}
{{img:https://strapi-content-264190062813.s3.ap-southeast-2.amazonaws.com/Property_1_SE_889a224c1a.svg}}",,,,,,,,,,,,exotic,
CURRENCY,{{SYMBOL_CHF_SGD}},{{PRODUCT_CHF_SGD}},{{ASSET_CLASS_CURRENCY}},0.20,1.05,"{{img:https://strapi-content-264190062813.s3.ap-southeast-2.amazonaws.com/Property_1_CH_b3bdda9473.svg}}
{{img:https://strapi-content-264190062813.s3.ap-southeast-2.amazonaws.com/Property_1_SG_a15319447c.svg}}",,,,,,,,,,,,minor,
CURRENCY,{{SYMBOL_EUR_AUD}},{{PRODUCT_EUR_AUD}},{{ASSET_CLASS_CURRENCY}},0.00,0.44,"{{img:https://strapi-content-264190062813.s3.ap-southeast-2.amazonaws.com/Property_1_EU_af6b48d770.svg}}
{{img:https://strapi-content-264190062813.s3.ap-southeast-2.amazonaws.com/Property_1_AU_12872f33e2.svg}}",,,,,,,,,,,,minor,
CURRENCY,{{SYMBOL_EUR_CAD}},{{PRODUCT_EUR_CAD}},{{ASSET_CLASS_CURRENCY}},0.00,0.32,"{{img:https://strapi-content-264190062813.s3.ap-southeast-2.amazonaws.com/Property_1_EU_af6b48d770.svg}}
{{img:https://strapi-content-264190062813.s3.ap-southeast-2.amazonaws.com/Property_1_CA_a0d16d89bc.svg}}",,,,,,,,,,,,minor,
CURRENCY,{{SYMBOL_EUR_CHF}},{{PRODUCT_EUR_CHF}},{{ASSET_CLASS_CURRENCY}},0.00,0.60,"{{img:https://strapi-content-264190062813.s3.ap-southeast-2.amazonaws.com/Property_1_EU_af6b48d770.svg}}
{{img:https://strapi-content-264190062813.s3.ap-southeast-2.amazonaws.com/Property_1_CH_b3bdda9473.svg}}",,,,,,,,,,,,minor,
CURRENCY,{{SYMBOL_EUR_CZK}},{{PRODUCT_EUR_CZK}},{{ASSET_CLASS_CURRENCY}},55.40,164.68,"{{img:https://strapi-content-264190062813.s3.ap-southeast-2.amazonaws.com/Property_1_EU_af6b48d770.svg}}
{{img:https://strapi-content-264190062813.s3.ap-southeast-2.amazonaws.com/Property_1_CZ_5842ac2c44.svg}}",,,,,,,,,,,,exotic,
CURRENCY,{{SYMBOL_EUR_DKK}},{{PRODUCT_EUR_DKK}},{{ASSET_CLASS_CURRENCY}},3.50,4.99,"{{img:https://strapi-content-264190062813.s3.ap-southeast-2.amazonaws.com/Property_1_EU_af6b48d770.svg}}
{{img:https://strapi-content-264190062813.s3.ap-southeast-2.amazonaws.com/Property_1_DK_e491d32f33.svg}}",,,,,,,,,,,,exotic,
CURRENCY,{{SYMBOL_EUR_GBP}},{{PRODUCT_EUR_GBP}},{{ASSET_CLASS_CURRENCY}},0.00,0.24,"{{img:https://strapi-content-264190062813.s3.ap-southeast-2.amazonaws.com/Property_1_EU_af6b48d770.svg}}
{{img:https://strapi-content-264190062813.s3.ap-southeast-2.amazonaws.com/Property_1_GB_30cf8fd5d9.svg}}",,,,,,,,,,,,minor,
CURRENCY,{{SYMBOL_EUR_HKD}},{{PRODUCT_EUR_HKD}},{{ASSET_CLASS_CURRENCY}},0.00,5.58,"{{img:https://strapi-content-264190062813.s3.ap-southeast-2.amazonaws.com/Property_1_EU_af6b48d770.svg}}
{{img:https://strapi-content-264190062813.s3.ap-southeast-2.amazonaws.com/Property_1_HK_477230815f.svg}}",,,,,,,,,,,,exotic,
CURRENCY,{{SYMBOL_EUR_HUF}},{{PRODUCT_EUR_HUF}},{{ASSET_CLASS_CURRENCY}},1410.00,2528.49,"{{img:https://strapi-content-264190062813.s3.ap-southeast-2.amazonaws.com/Property_1_EU_af6b48d770.svg}}
{{img:https://strapi-content-264190062813.s3.ap-southeast-2.amazonaws.com/Property_1_HU_f2bd9822b2.svg}}",,,,,,,,,,,,exotic,
CURRENCY,{{SYMBOL_EUR_ILS}},{{PRODUCT_EUR_ILS}},{{ASSET_CLASS_CURRENCY}},7.60,50.17,"{{img:https://strapi-content-264190062813.s3.ap-southeast-2.amazonaws.com/Property_1_EU_af6b48d770.svg}}
{{img:https://strapi-content-264190062813.s3.ap-southeast-2.amazonaws.com/Property_1_IL_7bb1b6fee3.svg}}",,,,,,,,,,,,exotic,
CURRENCY,{{SYMBOL_EUR_JPY}},{{PRODUCT_EUR_JPY}},{{ASSET_CLASS_CURRENCY}},0.00,0.26,"{{img:https://strapi-content-264190062813.s3.ap-southeast-2.amazonaws.com/Property_1_EU_af6b48d770.svg}}
{{img:https://strapi-content-264190062813.s3.ap-southeast-2.amazonaws.com/Property_1_JP_ce071c002e.svg}}",,,,,,,,,,,,minor,
CURRENCY,{{SYMBOL_EUR_MXN}},{{PRODUCT_EUR_MXN}},{{ASSET_CLASS_CURRENCY}},2.40,28.07,"{{img:https://strapi-content-264190062813.s3.ap-southeast-2.amazonaws.com/Property_1_EU_af6b48d770.svg}}
{{img:https://strapi-content-264190062813.s3.ap-southeast-2.amazonaws.com/Property_1_MX_4a2736ce03.svg}}",,,,,,,,,,,,exotic,
CURRENCY,{{SYMBOL_EUR_NOK}},{{PRODUCT_EUR_NOK}},{{ASSET_CLASS_CURRENCY}},2.40,38.91,"{{img:https://strapi-content-264190062813.s3.ap-southeast-2.amazonaws.com/Property_1_EU_af6b48d770.svg}}
{{img:https://strapi-content-264190062813.s3.ap-southeast-2.amazonaws.com/Property_1_NO_7de5f5e636.svg}}",,,,,,,,,,,,exotic,
CURRENCY,{{SYMBOL_EUR_NZD}},{{PRODUCT_EUR_NZD}},{{ASSET_CLASS_CURRENCY}},0.10,0.92,"{{img:https://strapi-content-264190062813.s3.ap-southeast-2.amazonaws.com/Property_1_EU_af6b48d770.svg}}
{{img:https://strapi-content-264190062813.s3.ap-southeast-2.amazonaws.com/Property_1_NZ_85b338e650.svg}}",,,,,,,,,,,,minor,
CURRENCY,{{SYMBOL_EUR_PLN}},{{PRODUCT_EUR_PLN}},{{ASSET_CLASS_CURRENCY}},2.40,10.06,"{{img:https://strapi-content-264190062813.s3.ap-southeast-2.amazonaws.com/Property_1_EU_af6b48d770.svg}}
{{img:https://strapi-content-264190062813.s3.ap-southeast-2.amazonaws.com/Property_1_PL_924349b848.svg}}",,,,,,,,,,,,exotic,
CURRENCY,{{SYMBOL_EUR_SEK}},{{PRODUCT_EUR_SEK}},{{ASSET_CLASS_CURRENCY}},2.40,38.92,"{{img:https://strapi-content-264190062813.s3.ap-southeast-2.amazonaws.com/Property_1_EU_af6b48d770.svg}}
{{img:https://strapi-content-264190062813.s3.ap-southeast-2.amazonaws.com/Property_1_PL_924349b848.svg}}",,,,,,,,,,,,exotic,
CURRENCY,{{SYMBOL_EUR_SGD}},{{PRODUCT_EUR_SGD}},{{ASSET_CLASS_CURRENCY}},0.20,0.70,"{{img:https://strapi-content-264190062813.s3.ap-southeast-2.amazonaws.com/Property_1_EU_af6b48d770.svg}}
{{img:https://strapi-content-264190062813.s3.ap-southeast-2.amazonaws.com/Property_1_SG_a15319447c.svg}}",,,,,,,,,,,,minor,
CURRENCY,{{SYMBOL_EUR_ZAR}},{{PRODUCT_EUR_ZAR}},{{ASSET_CLASS_CURRENCY}},2.40,53.51,"{{img:https://strapi-content-264190062813.s3.ap-southeast-2.amazonaws.com/Property_1_EU_af6b48d770.svg}}
{{img:https://strapi-content-264190062813.s3.ap-southeast-2.amazonaws.com/Property_1_ZA_ba173bf20c.svg}}",,,,,,,,,,,,exotic,
CURRENCY,{{SYMBOL_GBP_AUD}},{{PRODUCT_GBP_AUD}},{{ASSET_CLASS_CURRENCY}},0.00,0.60,"{{img:https://strapi-content-264190062813.s3.ap-southeast-2.amazonaws.com/Property_1_GB_30cf8fd5d9.svg}}
{{img:https://strapi-content-264190062813.s3.ap-southeast-2.amazonaws.com/Property_1_AU_12872f33e2.svg}}",,,,,,,,,,,,minor,
CURRENCY,{{SYMBOL_GBP_CAD}},{{PRODUCT_GBP_CAD}},{{ASSET_CLASS_CURRENCY}},0.00,0.57,"{{img:https://strapi-content-264190062813.s3.ap-southeast-2.amazonaws.com/Property_1_GB_30cf8fd5d9.svg}}
{{img:https://strapi-content-264190062813.s3.ap-southeast-2.amazonaws.com/Property_1_CA_a0d16d89bc.svg}}",,,,,,,,,,,,minor,
CURRENCY,{{SYMBOL_GBP_CHF}},{{PRODUCT_GBP_CHF}},{{ASSET_CLASS_CURRENCY}},0.00,0.61,"{{img:https://strapi-content-264190062813.s3.ap-southeast-2.amazonaws.com/Property_1_GB_30cf8fd5d9.svg}}
{{img:https://strapi-content-264190062813.s3.ap-southeast-2.amazonaws.com/Property_1_CH_b3bdda9473.svg}}",,,,,,,,,,,,minor,
CURRENCY,{{SYMBOL_GBP_DKK}},{{PRODUCT_GBP_DKK}},{{ASSET_CLASS_CURRENCY}},3.80,8.65,"{{img:https://strapi-content-264190062813.s3.ap-southeast-2.amazonaws.com/Property_1_GB_30cf8fd5d9.svg}}
{{img:https://strapi-content-264190062813.s3.ap-southeast-2.amazonaws.com/Property_1_DK_e491d32f33.svg}}",,,,,,,,,,,,exotic,
CURRENCY,{{SYMBOL_GBP_HUF}},{{PRODUCT_GBP_HUF}},{{ASSET_CLASS_CURRENCY}},1612.00,3443.79,"{{img:https://strapi-content-264190062813.s3.ap-southeast-2.amazonaws.com/Property_1_GB_30cf8fd5d9.svg}}
{{img:https://strapi-content-264190062813.s3.ap-southeast-2.amazonaws.com/Property_1_HU_f2bd9822b2.svg}}",,,,,,,,,,,,exotic,
CURRENCY,{{SYMBOL_GBP_JPY}},{{PRODUCT_GBP_JPY}},{{ASSET_CLASS_CURRENCY}},0.10,0.85,"{{img:https://strapi-content-264190062813.s3.ap-southeast-2.amazonaws.com/Property_1_GB_30cf8fd5d9.svg}}
{{img:https://strapi-content-264190062813.s3.ap-southeast-2.amazonaws.com/Property_1_JP_ce071c002e.svg}}",,,,,,,,,,,,minor,
CURRENCY,{{SYMBOL_GBP_MXN}},{{PRODUCT_GBP_MXN}},{{ASSET_CLASS_CURRENCY}},2.40,88.31,"{{img:https://strapi-content-264190062813.s3.ap-southeast-2.amazonaws.com/Property_1_GB_30cf8fd5d9.svg}}
{{img:https://strapi-content-264190062813.s3.ap-southeast-2.amazonaws.com/Property_1_MX_4a2736ce03.svg}}",,,,,,,,,,,,exotic,
CURRENCY,{{SYMBOL_GBP_NOK}},{{PRODUCT_GBP_NOK}},{{ASSET_CLASS_CURRENCY}},13.60,82.39,"{{img:https://strapi-content-264190062813.s3.ap-southeast-2.amazonaws.com/Property_1_GB_30cf8fd5d9.svg}}
{{img:https://strapi-content-264190062813.s3.ap-southeast-2.amazonaws.com/Property_1_NO_7de5f5e636.svg}}",,,,,,,,,,,,exotic,
CURRENCY,{{SYMBOL_GBP_NZD}},{{PRODUCT_GBP_NZD}},{{ASSET_CLASS_CURRENCY}},0.10,1.18,"{{img:https://strapi-content-264190062813.s3.ap-southeast-2.amazonaws.com/Property_1_GB_30cf8fd5d9.svg}}
{{img:https://strapi-content-264190062813.s3.ap-southeast-2.amazonaws.com/Property_1_NZ_85b338e650.svg}}",,,,,,,,,,,,minor,
CURRENCY,{{SYMBOL_GBP_PLN}},{{PRODUCT_GBP_PLN}},{{ASSET_CLASS_CURRENCY}},17.39,37.11,"{{img:https://strapi-content-264190062813.s3.ap-southeast-2.amazonaws.com/Property_1_GB_30cf8fd5d9.svg}}
{{img:https://strapi-content-264190062813.s3.ap-southeast-2.amazonaws.com/Property_1_PL_924349b848.svg}}",,,,,,,,,,,,exotic,
CURRENCY,{{SYMBOL_GBP_SEK}},{{PRODUCT_GBP_SEK}},{{ASSET_CLASS_CURRENCY}},2.40,40.53,"{{img:https://strapi-content-264190062813.s3.ap-southeast-2.amazonaws.com/Property_1_GB_30cf8fd5d9.svg}}
{{img:https://strapi-content-264190062813.s3.ap-southeast-2.amazonaws.com/Property_1_SE_889a224c1a.svg}}",,,,,,,,,,,,exotic,
CURRENCY,{{SYMBOL_GBP_SGD}},{{PRODUCT_GBP_SGD}},{{ASSET_CLASS_CURRENCY}},0.20,0.94,"{{img:https://strapi-content-264190062813.s3.ap-southeast-2.amazonaws.com/Property_1_GB_30cf8fd5d9.svg}}
{{img:https://strapi-content-264190062813.s3.ap-southeast-2.amazonaws.com/Property_1_SG_a15319447c.svg}}",,,,,,,,,,,,minor,
CURRENCY,{{SYMBOL_GBP_ZAR}},{{PRODUCT_GBP_ZAR}},{{ASSET_CLASS_CURRENCY}},18.70,124.72,"{{img:https://strapi-content-264190062813.s3.ap-southeast-2.amazonaws.com/Property_1_GB_30cf8fd5d9.svg}}
{{img:https://strapi-content-264190062813.s3.ap-southeast-2.amazonaws.com/Property_1_ZA_ba173bf20c.svg}}",,,,,,,,,,,,exotic,
CURRENCY,{{SYMBOL_HKD_JPY}},{{PRODUCT_HKD_JPY}},{{ASSET_CLASS_CURRENCY}},0.00,0.09,"{{img:https://strapi-content-264190062813.s3.ap-southeast-2.amazonaws.com/Property_1_HK_477230815f.svg}}
{{img:https://strapi-content-264190062813.s3.ap-southeast-2.amazonaws.com/Property_1_JP_ce071c002e.svg}}",,,,,,,,,,,,exotic,
CURRENCY,{{SYMBOL_MXN_JPY}},{{PRODUCT_MXN_JPY}},{{ASSET_CLASS_CURRENCY}},2.40,2.59,"{{img:https://strapi-content-264190062813.s3.ap-southeast-2.amazonaws.com/Property_1_MX_4a2736ce03.svg}}
{{img:https://strapi-content-264190062813.s3.ap-southeast-2.amazonaws.com/Property_1_JP_ce071c002e.svg}}",,,,,,,,,,,,exotic,
CURRENCY,{{SYMBOL_NOK_JPY}},{{PRODUCT_NOK_JPY}},{{ASSET_CLASS_CURRENCY}},2.40,2.89,"{{img:https://strapi-content-264190062813.s3.ap-southeast-2.amazonaws.com/Property_1_NO_7de5f5e636.svg}}
{{img:https://strapi-content-264190062813.s3.ap-southeast-2.amazonaws.com/Property_1_JP_ce071c002e.svg}}",,,,,,,,,,,,exotic,
CURRENCY,{{SYMBOL_NOK_SEK}},{{PRODUCT_NOK_SEK}},{{ASSET_CLASS_CURRENCY}},2.40,5.78,"{{img:https://strapi-content-264190062813.s3.ap-southeast-2.amazonaws.com/Property_1_NO_7de5f5e636.svg}}
{{img:https://strapi-content-264190062813.s3.ap-southeast-2.amazonaws.com/Property_1_SE_889a224c1a.svg}}",,,,,,,,,,,,exotic,
CURRENCY,{{SYMBOL_NZD_CAD}},{{PRODUCT_NZD_CAD}},{{ASSET_CLASS_CURRENCY}},0.00,0.46,"{{img:https://strapi-content-264190062813.s3.ap-southeast-2.amazonaws.com/Property_1_NZ_85b338e650.svg}}
{{img:https://strapi-content-264190062813.s3.ap-southeast-2.amazonaws.com/Property_1_CA_a0d16d89bc.svg}}",,,,,,,,,,,,minor,
CURRENCY,{{SYMBOL_NZD_CHF}},{{PRODUCT_NZD_CHF}},{{ASSET_CLASS_CURRENCY}},0.10,0.57,"{{img:https://strapi-content-264190062813.s3.ap-southeast-2.amazonaws.com/Property_1_NZ_85b338e650.svg}}
{{img:https://strapi-content-264190062813.s3.ap-southeast-2.amazonaws.com/Property_1_CH_b3bdda9473.svg}}",,,,,,,,,,,,minor,
CURRENCY,{{SYMBOL_NZD_HUF}},{{PRODUCT_NZD_HUF}},{{ASSET_CLASS_CURRENCY}},830.00,1637.83,"{{img:https://strapi-content-264190062813.s3.ap-southeast-2.amazonaws.com/Property_1_NZ_85b338e650.svg}}
{{img:https://strapi-content-264190062813.s3.ap-southeast-2.amazonaws.com/Property_1_HU_f2bd9822b2.svg}}",,,,,,,,,,,,exotic,
CURRENCY,{{SYMBOL_NZD_JPY}},{{PRODUCT_NZD_JPY}},{{ASSET_CLASS_CURRENCY}},0.00,0.59,"{{img:https://strapi-content-264190062813.s3.ap-southeast-2.amazonaws.com/Property_1_NZ_85b338e650.svg}}
{{img:https://strapi-content-264190062813.s3.ap-southeast-2.amazonaws.com/Property_1_JP_ce071c002e.svg}}",,,,,,,,,,,,minor,
CURRENCY,{{SYMBOL_NZD_SGD}},{{PRODUCT_NZD_SGD}},{{ASSET_CLASS_CURRENCY}},0.10,0.74,"{{img:https://strapi-content-264190062813.s3.ap-southeast-2.amazonaws.com/Property_1_NZ_85b338e650.svg}}
{{img:https://strapi-content-264190062813.s3.ap-southeast-2.amazonaws.com/Property_1_SG_a15319447c.svg}}",,,,,,,,,,,,minor,
CURRENCY,{{SYMBOL_NZD_USD}},{{PRODUCT_NZD_USD}},{{ASSET_CLASS_CURRENCY}},0.00,0.06,"{{img:https://strapi-content-264190062813.s3.ap-southeast-2.amazonaws.com/Property_1_NZ_85b338e650.svg}}
{{img:https://strapi-content-264190062813.s3.ap-southeast-2.amazonaws.com/Property_1_US_eb7f7208c5.svg}}",,,,,,,,,,,,major,
CURRENCY,{{SYMBOL_SEK_JPY}},{{PRODUCT_SEK_JPY}},{{ASSET_CLASS_CURRENCY}},2.60,3.37,"{{img:https://strapi-content-264190062813.s3.ap-southeast-2.amazonaws.com/Property_1_SE_889a224c1a.svg}}
{{img:https://strapi-content-264190062813.s3.ap-southeast-2.amazonaws.com/Property_1_JP_ce071c002e.svg}}",,,,,,,,,,,,exotic,
CURRENCY,{{SYMBOL_SGD_JPY}},{{PRODUCT_SGD_JPY}},{{ASSET_CLASS_CURRENCY}},0.10,0.79,"{{img:https://strapi-content-264190062813.s3.ap-southeast-2.amazonaws.com/Property_1_SG_a15319447c.svg}}
{{img:https://strapi-content-264190062813.s3.ap-southeast-2.amazonaws.com/Property_1_JP_ce071c002e.svg}}",,,,,,,,,,,,exotic,
CURRENCY,{{SYMBOL_USD_BRL}},{{PRODUCT_USD_BRL}},{{ASSET_CLASS_CURRENCY}},14.70,33.39,"{{img:https://strapi-content-264190062813.s3.ap-southeast-2.amazonaws.com/Property_1_US_eb7f7208c5.svg}}
{{img:https://strapi-content-264190062813.s3.ap-southeast-2.amazonaws.com/Property_1_BR_09837bd639.svg}}",,,,,,,,,,,,exotic,
CURRENCY,{{SYMBOL_USD_CNH}},{{PRODUCT_USD_CNH}},{{ASSET_CLASS_CURRENCY}},0.50,5.70,"{{img:https://strapi-content-264190062813.s3.ap-southeast-2.amazonaws.com/Property_1_US_eb7f7208c5.svg}}
{{img:https://strapi-content-264190062813.s3.ap-southeast-2.amazonaws.com/Property_1_CN_29e6155ed7.svg}}",,,,,,,,,,,,exotic,
CURRENCY,{{SYMBOL_USD_CZK}},{{PRODUCT_USD_CZK}},{{ASSET_CLASS_CURRENCY}},48.40,137.81,"{{img:https://strapi-content-264190062813.s3.ap-southeast-2.amazonaws.com/Property_1_US_eb7f7208c5.svg}}
{{img:https://strapi-content-264190062813.s3.ap-southeast-2.amazonaws.com/Property_1_CZ_5842ac2c44.svg}}",,,,,,,,,,,,exotic,
CURRENCY,{{SYMBOL_USD_DKK}},{{PRODUCT_USD_DKK}},{{ASSET_CLASS_CURRENCY}},3.40,4.92,"{{img:https://strapi-content-264190062813.s3.ap-southeast-2.amazonaws.com/Property_1_US_eb7f7208c5.svg}}
{{img:https://strapi-content-264190062813.s3.ap-southeast-2.amazonaws.com/Property_1_DK_e491d32f33.svg}}",,,,,,,,,,,,exotic,
CURRENCY,{{SYMBOL_USD_HKD}},{{PRODUCT_USD_HKD}},{{ASSET_CLASS_CURRENCY}},0.00,1.07,"{{img:https://strapi-content-264190062813.s3.ap-southeast-2.amazonaws.com/Property_1_US_eb7f7208c5.svg}}
{{img:https://strapi-content-264190062813.s3.ap-southeast-2.amazonaws.com/Property_1_HK_477230815f.svg}}",,,,,,,,,,,,exotic,
CURRENCY,{{SYMBOL_USD_HUF}},{{PRODUCT_USD_HUF}},{{ASSET_CLASS_CURRENCY}},1250.00,2344.02,"{{img:https://strapi-content-264190062813.s3.ap-southeast-2.amazonaws.com/Property_1_US_eb7f7208c5.svg}}
{{img:https://strapi-content-264190062813.s3.ap-southeast-2.amazonaws.com/Property_1_HU_f2bd9822b2.svg}}",,,,,,,,,,,,exotic,
CURRENCY,{{SYMBOL_USD_IDR}},{{PRODUCT_USD_IDR}},{{ASSET_CLASS_CURRENCY}},10.90,18.79,"{{img:https://strapi-content-264190062813.s3.ap-southeast-2.amazonaws.com/Property_1_US_eb7f7208c5.svg}}
{{img:https://strapi-content-264190062813.s3.ap-southeast-2.amazonaws.com/Property_1_ID_64283585c9.svg}}",,,,,,,,,,,,exotic,
CURRENCY,{{SYMBOL_USD_ILS}},{{PRODUCT_USD_ILS}},{{ASSET_CLASS_CURRENCY}},6.70,39.52,"{{img:https://strapi-content-264190062813.s3.ap-southeast-2.amazonaws.com/Property_1_US_eb7f7208c5.svg}}
{{img:https://strapi-content-264190062813.s3.ap-southeast-2.amazonaws.com/Property_1_IL_7bb1b6fee3.svg}}",,,,,,,,,,,,exotic,
CURRENCY,{{SYMBOL_USD_INR}},{{PRODUCT_USD_INR}},{{ASSET_CLASS_CURRENCY}},3.80,6.09,"{{img:https://strapi-content-264190062813.s3.ap-southeast-2.amazonaws.com/Property_1_US_eb7f7208c5.svg}}
{{img:https://strapi-content-264190062813.s3.ap-southeast-2.amazonaws.com/Property_1_IN_73e59a95a5.svg}}",,,,,,,,,,,,exotic,
CURRENCY,{{SYMBOL_USD_KRW}},{{PRODUCT_USD_KRW}},{{ASSET_CLASS_CURRENCY}},4.90,9.42,"{{img:https://strapi-content-264190062813.s3.ap-southeast-2.amazonaws.com/Property_1_US_eb7f7208c5.svg}}
{{img:https://strapi-content-264190062813.s3.ap-southeast-2.amazonaws.com/Property_1_KR_d8d1daec76.svg}}",,,,,,,,,,,,exotic,
CURRENCY,{{SYMBOL_USD_MXN}},{{PRODUCT_USD_MXN}},{{ASSET_CLASS_CURRENCY}},2.40,35.48,"{{img:https://strapi-content-264190062813.s3.ap-southeast-2.amazonaws.com/Property_1_US_eb7f7208c5.svg}}
{{img:https://strapi-content-264190062813.s3.ap-southeast-2.amazonaws.com/Property_1_MX_4a2736ce03.svg}}",,,,,,,,,,,,exotic,
CURRENCY,{{SYMBOL_USD_NOK}},{{PRODUCT_USD_NOK}},{{ASSET_CLASS_CURRENCY}},2.40,31.44,"{{img:https://strapi-content-264190062813.s3.ap-southeast-2.amazonaws.com/Property_1_US_eb7f7208c5.svg}}
{{img:https://strapi-content-264190062813.s3.ap-southeast-2.amazonaws.com/Property_1_NO_7de5f5e636.svg}}",,,,,,,,,,,,exotic,
CURRENCY,{{SYMBOL_USD_PLN}},{{PRODUCT_USD_PLN}},{{ASSET_CLASS_CURRENCY}},2.40,8.25,"{{img:https://strapi-content-264190062813.s3.ap-southeast-2.amazonaws.com/Property_1_US_eb7f7208c5.svg}}
{{img:https://strapi-content-264190062813.s3.ap-southeast-2.amazonaws.com/Property_1_PL_924349b848.svg}}",,,,,,,,,,,,exotic,
CURRENCY,{{SYMBOL_USD_SEK}},{{PRODUCT_USD_SEK}},{{ASSET_CLASS_CURRENCY}},2.40,34.37,"{{img:https://strapi-content-264190062813.s3.ap-southeast-2.amazonaws.com/Property_1_US_eb7f7208c5.svg}}
{{img:https://strapi-content-264190062813.s3.ap-southeast-2.amazonaws.com/Property_1_SE_889a224c1a.svg}}",,,,,,,,,,,,exotic,
CURRENCY,{{SYMBOL_USD_SGD}},{{PRODUCT_USD_SGD}},{{ASSET_CLASS_CURRENCY}},0.10,0.68,"{{img:https://strapi-content-264190062813.s3.ap-southeast-2.amazonaws.com/Property_1_US_eb7f7208c5.svg}}
{{img:https://strapi-content-264190062813.s3.ap-southeast-2.amazonaws.com/Property_1_SG_a15319447c.svg}}",,,,,,,,,,,,exotic,
CURRENCY,{{SYMBOL_USD_THB}},{{PRODUCT_USD_THB}},{{ASSET_CLASS_CURRENCY}},12.40,69.08,"{{img:https://strapi-content-264190062813.s3.ap-southeast-2.amazonaws.com/Property_1_US_eb7f7208c5.svg}}
{{img:https://strapi-content-264190062813.s3.ap-southeast-2.amazonaws.com/Property_1_TH_bd64595459.svg}}",,,,,,,,,,,,exotic,
CURRENCY,{{SYMBOL_USD_ZAR}},{{PRODUCT_USD_ZAR}},{{ASSET_CLASS_CURRENCY}},2.40,57.27,"{{img:https://strapi-content-264190062813.s3.ap-southeast-2.amazonaws.com/Property_1_US_eb7f7208c5.svg}}
{{img:https://strapi-content-264190062813.s3.ap-southeast-2.amazonaws.com/Property_1_ZA_ba173bf20c.svg}}",,,,,,,,,,,,exotic,
CURRENCY,{{SYMBOL_ZAR_JPY}},{{PRODUCT_ZAR_JPY}},{{ASSET_CLASS_CURRENCY}},0.60,1.11,"{{img:https://strapi-content-264190062813.s3.ap-southeast-2.amazonaws.com/Property_1_ZA_ba173bf20c.svg}}
{{img:https://strapi-content-264190062813.s3.ap-southeast-2.amazonaws.com/Property_1_JP_ce071c002e.svg}}",,,,,,,,,,,,exotic,
INDICES,{{SYMBOL_AUS200}},{{PRODUCT_AUS200}},{{ASSET_CLASS_INDICES}},1.0,1.47,,,,,,,,,,,,,,
INDICES,{{SYMBOL_CA60}},{{PRODUCT_CA60}},{{ASSET_CLASS_INDICES}},0.20,0.46,,,,,,,,,,,,,,
INDICES,{{SYMBOL_CHINAH}},{{PRODUCT_CHINAH}},{{ASSET_CLASS_INDICES}},0.80,2.22,,,,,,,,,,,,,,
INDICES,{{SYMBOL_E35}},{{PRODUCT_E35}},{{ASSET_CLASS_INDICES}},4,8.36,,,,,,,,,,,,,,
INDICES,{{SYMBOL_EUSTX50}},{{PRODUCT_EUSTX50}},{{ASSET_CLASS_INDICES}},0.40,1.71,,,,,,,,,,,,,,
INDICES,{{SYMBOL_FRA40}},{{PRODUCT_FRA40}},{{ASSET_CLASS_INDICES}},0.20,1.11,,,,,,,,,,,,,,
INDICES,{{SYMBOL_GER40}},{{PRODUCT_GER40}},{{ASSET_CLASS_INDICES}},0.8,1.32,,,,,,,,,,,,,,
INDICES,{{SYMBOL_HK50}},{{PRODUCT_HK50}},{{ASSET_CLASS_INDICES}},4.2,4.22,,,,,,,,,,,,,,
INDICES,{{SYMBOL_JPN225}},{{PRODUCT_JPN225}},{{ASSET_CLASS_INDICES}},6.0,6.0,,,,,,,,,,,,,,
INDICES,{{SYMBOL_NAS100}},{{PRODUCT_NAS100}},{{ASSET_CLASS_INDICES}},0.8,0.80,,,,,,,,,,,,,,
INDICES,{{SYMBOL_NETH25}},{{PRODUCT_NETH25}},{{ASSET_CLASS_INDICES}},0.02,0.16,,,,,,,,,,,,,,
INDICES,{{SYMBOL_USDX}},{{PRODUCT_USDX}},{{ASSET_CLASS_INDICES}},0.01,0.02,,,,,,,,,,,,,,
INDICES,{{SYMBOL_UK100}},{{PRODUCT_UK100}},{{ASSET_CLASS_INDICES}},0.3,1.44,,,,,,,,,,,,,,
INDICES,{{SYMBOL_US30}},{{PRODUCT_US30}},{{ASSET_CLASS_INDICES}},1.2,1.70,,,,,,,,,,,,,,
INDICES,{{SYMBOL_US500}},{{PRODUCT_US500}},{{ASSET_CLASS_INDICES}},0.3,0.31,,,,,,,,,,,,,,
METALS,{{SYMBOL_XAG_EUR}},{{PRODUCT_XAG_EUR}},{{ASSET_CLASS_METALS}},1.50,5.45,,,,,,,,,,,,,,
METALS,{{SYMBOL_XAG_USD}},{{PRODUCT_XAG_USD}},{{ASSET_CLASS_METALS}},0.50,2.56,,,,,,,,,,,,,,
METALS,{{SYMBOL_XAL_USD}},{{PRODUCT_XAL_USD}},{{ASSET_CLASS_METALS}},115,290.12,,,,,,,,,,,,,,
METALS,{{SYMBOL_XAU_AUD}},{{PRODUCT_XAU_AUD}},{{ASSET_CLASS_METALS}},1.00,2.80,,,,,,,,,,,,,,
METALS,{{SYMBOL_XAU_EUR}},{{PRODUCT_XAU_EUR}},{{ASSET_CLASS_METALS}},0.50,1.18,,,,,,,,,,,,,,
METALS,{{SYMBOL_XAU_USD}},{{PRODUCT_XAU_USD}},{{ASSET_CLASS_METALS}},0.50,0.86,,,,,,,,,,,,,,
METALS,{{SYMBOL_XCU_USD}},{{PRODUCT_XCU_USD}},{{ASSET_CLASS_METALS}},245,481.50,,,,,,,,,,,,,,
METALS,{{SYMBOL_XNI_USD}},{{PRODUCT_XNI_USD}},{{ASSET_CLASS_METALS}},494,"1,339.09",,,,,,,,,,,,,,
METALS,{{SYMBOL_XPB_USD}},{{PRODUCT_XPB_USD}},{{ASSET_CLASS_METALS}},150,318.72,,,,,,,,,,,,,,
METALS,{{SYMBOL_XPD_USD}},{{PRODUCT_XPD_USD}},{{ASSET_CLASS_METALS}},40,73.04,,,,,,,,,,,,,,
METALS,{{SYMBOL_XPT_USD}},{{PRODUCT_XPT_USD}},{{ASSET_CLASS_METALS}},30.1,66.71,,,,,,,,,,,,,,
METALS,{{SYMBOL_XZN_USD}},{{PRODUCT_XZN_USD}},{{ASSET_CLASS_METALS}},172,277.56,,,,,,,,,,,,,,
COMMODITIES,{{SYMBOL_XBR_USD}},{{PRODUCTS_XBR_USD}},{{ASSET_CLASS_COMMODITIES}},1,3.31,,,,,,,,,,,,,,
COMMODITIES,{{SYMBOL_XNG_USD}},{{PRODUCTS_XNG_USD}},{{ASSET_CLASS_COMMODITIES}},6.0,7.39,,,,,,,,,,,,,,
COMMODITIES,{{SYMBOL_XTI_USD}},{{PRODUCTS_XTI_USD}},{{ASSET_CLASS_COMMODITIES}},1,2.86,,,,,,,,,,,,,,
US_STOCK,{{SYMBOL_APPLE}},{{PRODUCT_APPLE}},{{ASSET_CLASS_US_STOCK}},0.04,0.04,{{img:https://strapi-content-264190062813.s3.ap-southeast-2.amazonaws.com/Apple_f7ac0b8c1e.svg}},NASDAQ,2,0,1,USD,1,500,{{vfsc_doc:20:1}},{{asic_doc:5:1}},{{TRADING_HOURS_M_F_930_16}},AAPL,,{{img:https://strapi-content-264190062813.s3.ap-southeast-2.amazonaws.com/Property_1_US_eb7f7208c5.svg}}
US_STOCK,{{SYMBOL_MICROSOFT}},{{PRODUCT_MICROSOFT}},{{ASSET_CLASS_US_STOCK}},0.04,0.04,{{img:https://strapi-content-264190062813.s3.ap-southeast-2.amazonaws.com/MICROSOFT_3a3a6a6e4b.svg}},NASDAQ,2,0,1,USD,1,500,{{vfsc_doc:20:1}},{{asic_doc:5:1}},{{TRADING_HOURS_M_F_930_16}},MSFT,,{{img:https://strapi-content-264190062813.s3.ap-southeast-2.amazonaws.com/Property_1_US_eb7f7208c5.svg}}
US_STOCK,{{SYMBOL_AMAZON}},{{PRODUCT_AMAZON}},{{ASSET_CLASS_US_STOCK}},0.04,0.04,{{img:https://strapi-content-264190062813.s3.ap-southeast-2.amazonaws.com/Amazon_3bffa5d1ec.svg}},NASDAQ,2,0,1,USD,1,500,{{vfsc_doc:20:1}},{{asic_doc:5:1}},{{TRADING_HOURS_M_F_930_16}},AMZN,,{{img:https://strapi-content-264190062813.s3.ap-southeast-2.amazonaws.com/Property_1_US_eb7f7208c5.svg}}
US_STOCK,{{SYMBOL_TESLA}},{{PRODUCT_TESLA}},{{ASSET_CLASS_US_STOCK}},0.04,0.04,{{img:https://strapi-content-264190062813.s3.ap-southeast-2.amazonaws.com/Tesla_86a26c2358.svg}},NASDAQ,2,0,1,USD,1,500,{{vfsc_doc:20:1}},{{asic_doc:5:1}},{{TRADING_HOURS_M_F_930_16}},TSLA,,{{img:https://strapi-content-264190062813.s3.ap-southeast-2.amazonaws.com/Property_1_US_eb7f7208c5.svg}}
US_STOCK,{{SYMBOL_ALPHABET_C}},{{PRODUCT_ALPHABET_C}},{{ASSET_CLASS_US_STOCK}},0.04,0.04,{{img:https://strapi-content-264190062813.s3.ap-southeast-2.amazonaws.com/google_740d8de5e4.svg}},NASDAQ,2,0,1,USD,1,500,{{vfsc_doc:20:1}},{{asic_doc:5:1}},{{TRADING_HOURS_M_F_930_16}},GOOG,,{{img:https://strapi-content-264190062813.s3.ap-southeast-2.amazonaws.com/Property_1_US_eb7f7208c5.svg}}
US_STOCK,{{SYMBOL_META}},{{PRODUCT_META}},{{ASSET_CLASS_US_STOCK}},0.04,0.04,{{img:https://strapi-content-264190062813.s3.ap-southeast-2.amazonaws.com/meta_025ccc4f9f.svg}},NASDAQ,2,0,1,USD,1,500,{{vfsc_doc:20:1}},{{asic_doc:5:1}},{{TRADING_HOURS_M_F_930_16}},META,,{{img:https://strapi-content-264190062813.s3.ap-southeast-2.amazonaws.com/Property_1_US_eb7f7208c5.svg}}
US_STOCK,{{SYMBOL_ALPHABET_A}},{{PRODUCT_ALPHABET_A}},{{ASSET_CLASS_US_STOCK}},0.04,0.04,{{img:https://strapi-content-264190062813.s3.ap-southeast-2.amazonaws.com/google_740d8de5e4.svg}},NASDAQ,2,0,1,USD,1,500,{{vfsc_doc:20:1}},{{asic_doc:5:1}},{{TRADING_HOURS_M_F_930_16}},GOOGL,,{{img:https://strapi-content-264190062813.s3.ap-southeast-2.amazonaws.com/Property_1_US_eb7f7208c5.svg}}
US_STOCK,{{SYMBOL_NVIDIA}},{{PRODUCT_NVIDIA}},{{ASSET_CLASS_US_STOCK}},0.04,0.04,{{img:https://strapi-content-264190062813.s3.ap-southeast-2.amazonaws.com/Nvidia_268fa74415.svg}},NASDAQ,2,0,1,USD,1,500,{{vfsc_doc:20:1}},{{asic_doc:5:1}},{{TRADING_HOURS_M_F_930_16}},NVDA,,{{img:https://strapi-content-264190062813.s3.ap-southeast-2.amazonaws.com/Property_1_US_eb7f7208c5.svg}}
US_STOCK,{{SYMBOL_PAYPAL}},{{PRODUCT_PAYPAL}},{{ASSET_CLASS_US_STOCK}},0.04,0.04,{{img:https://strapi-content-264190062813.s3.ap-southeast-2.amazonaws.com/Pay_Pal_2e82fe4574.svg}},NASDAQ,2,0,1,USD,1,500,{{vfsc_doc:20:1}},{{asic_doc:5:1}},{{TRADING_HOURS_M_F_930_16}},PYPL,,{{img:https://strapi-content-264190062813.s3.ap-southeast-2.amazonaws.com/Property_1_US_eb7f7208c5.svg}}
US_STOCK,{{SYMBOL_COMCAST}},{{PRODUCT_COMCAST}},{{ASSET_CLASS_US_STOCK}},0.04,0.04,{{img:https://strapi-content-264190062813.s3.ap-southeast-2.amazonaws.com/Comcast_790e9ae5f2.svg}},NASDAQ,2,0,1,USD,1,500,{{vfsc_doc:20:1}},{{asic_doc:5:1}},{{TRADING_HOURS_M_F_930_16}},CMCSA,,{{img:https://strapi-content-264190062813.s3.ap-southeast-2.amazonaws.com/Property_1_US_eb7f7208c5.svg}}
US_STOCK,{{SYMBOL_3M}},{{PRODUCT_3M}},{{ASSET_CLASS_US_STOCK}},0.04,0.04,{{img:https://strapi-content-264190062813.s3.ap-southeast-2.amazonaws.com/3_M_f58eba0ab6.svg}},NYSE,2,0,1,USD,1,500,{{vfsc_doc:20:1}},{{asic_doc:5:1}},{{TRADING_HOURS_M_F_930_16}},MMM,,{{img:https://strapi-content-264190062813.s3.ap-southeast-2.amazonaws.com/Property_1_US_eb7f7208c5.svg}}
US_STOCK,{{SYMBOL_ACCENTURE}},{{PRODUCT_ACCENTURE}},{{ASSET_CLASS_US_STOCK}},0.04,0.04,{{img:https://strapi-content-264190062813.s3.ap-southeast-2.amazonaws.com/accenture_3317ad9990.svg}},NASDAQ,2,0,1,USD,1,500,{{vfsc_doc:20:1}},{{asic_doc:5:1}},{{TRADING_HOURS_M_F_930_16}},ACN ,,{{img:https://strapi-content-264190062813.s3.ap-southeast-2.amazonaws.com/Property_1_US_eb7f7208c5.svg}}
US_STOCK,{{SYMBOL_ACTIVISION_BLIZZARD}},{{PRODUCT_ACTIVISION_BLIZZARD}},{{ASSET_CLASS_US_STOCK}},0.04,0.04,{{img:https://strapi-content-264190062813.s3.ap-southeast-2.amazonaws.com/activision_blizzard_c6067cfb05.svg}},NASDAQ,2,0,1,USD,1,500,{{vfsc_doc:20:1}},{{asic_doc:5:1}},{{TRADING_HOURS_M_F_930_16}},ATVI,,{{img:https://strapi-content-264190062813.s3.ap-southeast-2.amazonaws.com/Property_1_US_eb7f7208c5.svg}}
US_STOCK,{{SYMBOL_ADOBE}},{{PRODUCT_ADOBE}},{{ASSET_CLASS_US_STOCK}},0.04,0.04,{{img:https://strapi-content-264190062813.s3.ap-southeast-2.amazonaws.com/Adobe_3e140ee0c7.svg}},NASDAQ,2,0,1,USD,1,500,{{vfsc_doc:20:1}},{{asic_doc:5:1}},{{TRADING_HOURS_M_F_930_16}},ADBE,,{{img:https://strapi-content-264190062813.s3.ap-southeast-2.amazonaws.com/Property_1_US_eb7f7208c5.svg}}
US_STOCK,{{SYMBOL_ADP}},{{PRODUCT_ADP}},{{ASSET_CLASS_US_STOCK}},0.04,0.04,{{img:https://strapi-content-264190062813.s3.ap-southeast-2.amazonaws.com/Automatic_Data_Processing_25b5c9ee15.svg}},NASDAQ,2,0,1,USD,1,500,{{vfsc_doc:20:1}},{{asic_doc:5:1}},{{TRADING_HOURS_M_F_930_16}},ADP,,{{img:https://strapi-content-264190062813.s3.ap-southeast-2.amazonaws.com/Property_1_US_eb7f7208c5.svg}}
US_STOCK,{{SYMBOL_AIRBNB}},{{PRODUCT_AIRBNB}},{{ASSET_CLASS_US_STOCK}},0.04,0.04,{{img:https://strapi-content-264190062813.s3.ap-southeast-2.amazonaws.com/airbnb_f47082c0a2.svg}},NASDAQ,2,0,1,USD,1,500,{{vfsc_doc:20:1}},{{asic_doc:5:1}},{{TRADING_HOURS_M_F_930_16}},ABNB,,{{img:https://strapi-content-264190062813.s3.ap-southeast-2.amazonaws.com/Property_1_US_eb7f7208c5.svg}}
US_STOCK,{{SYMBOL_ALIBABA_GROUP}},{{PRODUCT_ALIBABA_GROUP}},{{ASSET_CLASS_US_STOCK}},0.04,0.04,{{img:https://strapi-content-264190062813.s3.ap-southeast-2.amazonaws.com/alibaba_group_5131f41168.svg}},NASDAQ,2,0,1,USD,1,500,{{vfsc_doc:20:1}},{{asic_doc:5:1}},{{TRADING_HOURS_M_F_930_16}},BABA ,,{{img:https://strapi-content-264190062813.s3.ap-southeast-2.amazonaws.com/Property_1_US_eb7f7208c5.svg}}
US_STOCK,{{SYMBOL_AMD}},{{PRODUCT_AMD}},{{ASSET_CLASS_US_STOCK}},0.04,0.04,{{img:https://strapi-content-264190062813.s3.ap-southeast-2.amazonaws.com/AMD_5b0bb67769.svg}},NYSE,2,0,1,USD,1,500,{{vfsc_doc:20:1}},{{asic_doc:5:1}},{{TRADING_HOURS_M_F_930_16}},AMD,,{{img:https://strapi-content-264190062813.s3.ap-southeast-2.amazonaws.com/Property_1_US_eb7f7208c5.svg}}
US_STOCK,{{SYMBOL_AMERICAN_EXPRESS}},{{PRODUCT_AMERICAN_EXPRESS}},{{ASSET_CLASS_US_STOCK}},0.04,0.04,{{img:https://strapi-content-264190062813.s3.ap-southeast-2.amazonaws.com/American_Express_33725d29a4.svg}},NASDAQ,2,0,1,USD,1,500,{{vfsc_doc:20:1}},{{asic_doc:5:1}},{{TRADING_HOURS_M_F_930_16}},AXP,,{{img:https://strapi-content-264190062813.s3.ap-southeast-2.amazonaws.com/Property_1_US_eb7f7208c5.svg}}
US_STOCK,{{SYMBOL_AMGEN}},{{PRODUCT_AMGEN}},{{ASSET_CLASS_US_STOCK}},0.04,0.04,{{img:https://strapi-content-264190062813.s3.ap-southeast-2.amazonaws.com/amgen_b7736c70c8.svg}},NASDAQ,2,0,1,USD,1,500,{{vfsc_doc:20:1}},{{asic_doc:5:1}},{{TRADING_HOURS_M_F_930_16}},AMGN,,{{img:https://strapi-content-264190062813.s3.ap-southeast-2.amazonaws.com/Property_1_US_eb7f7208c5.svg}}
US_STOCK,{{SYMBOL_ANTHEM}},{{PRODUCT_ANTHEM}},{{ASSET_CLASS_US_STOCK}},0.04,0.04,{{img:https://strapi-content-264190062813.s3.ap-southeast-2.amazonaws.com/Anthem_e2a43d1060.svg}},NASDAQ,2,0,1,USD,1,500,{{vfsc_doc:20:1}},{{asic_doc:5:1}},{{TRADING_HOURS_M_F_930_16}},ELV,,{{img:https://strapi-content-264190062813.s3.ap-southeast-2.amazonaws.com/Property_1_US_eb7f7208c5.svg}}
US_STOCK,{{SYMBOL_APPLIED_MATERIALS}},{{PRODUCT_APPLIED_MATERIALS}},{{ASSET_CLASS_US_STOCK}},0.04,0.04,{{img:https://strapi-content-264190062813.s3.ap-southeast-2.amazonaws.com/Applied_Materials_59211808cd.svg}},NASDAQ,2,0,1,USD,1,500,{{vfsc_doc:20:1}},{{asic_doc:5:1}},{{TRADING_HOURS_M_F_930_16}},AMAT,,{{img:https://strapi-content-264190062813.s3.ap-southeast-2.amazonaws.com/Property_1_US_eb7f7208c5.svg}}
US_STOCK,{{SYMBOL_AT_AND_T}},{{PRODUCT_AT_AND_T}},{{ASSET_CLASS_US_STOCK}},0.04,0.04,{{img:https://strapi-content-264190062813.s3.ap-southeast-2.amazonaws.com/at_t_c43f5d92dd.svg}},NASDAQ,2,0,1,USD,1,500,{{vfsc_doc:20:1}},{{asic_doc:5:1}},{{TRADING_HOURS_M_F_930_16}},T,,{{img:https://strapi-content-264190062813.s3.ap-southeast-2.amazonaws.com/Property_1_US_eb7f7208c5.svg}}
US_STOCK,{{SYMBOL_ATLASSIAN}},{{PRODUCT_ATLASSIAN}},{{ASSET_CLASS_US_STOCK}},0.04,0.04,{{img:https://strapi-content-264190062813.s3.ap-southeast-2.amazonaws.com/Atlassian_ae2d161869.svg}},NASDAQ,2,0,1,USD,1,500,{{vfsc_doc:20:1}},{{asic_doc:5:1}},{{TRADING_HOURS_M_F_930_16}},TEAM,,{{img:https://strapi-content-264190062813.s3.ap-southeast-2.amazonaws.com/Property_1_US_eb7f7208c5.svg}}
US_STOCK,{{SYMBOL_BAIDU}},{{PRODUCT_BAIDU}},{{ASSET_CLASS_US_STOCK}},0.04,0.04,{{img:https://strapi-content-264190062813.s3.ap-southeast-2.amazonaws.com/baidu_b66efe4e85.svg}},NASDAQ,2,0,1,USD,1,500,{{vfsc_doc:20:1}},{{asic_doc:5:1}},{{TRADING_HOURS_M_F_930_16}},BIDU,,{{img:https://strapi-content-264190062813.s3.ap-southeast-2.amazonaws.com/Property_1_US_eb7f7208c5.svg}}
US_STOCK,{{SYMBOL_BANK_OF_AMERICACORP}},{{PRODUCT_BANK_OF_AMERICACORP}},{{ASSET_CLASS_US_STOCK}},0.04,0.04,{{img:https://strapi-content-264190062813.s3.ap-southeast-2.amazonaws.com/bank_of_america_10b6780e64.svg}},NASDAQ,2,0,1,USD,1,500,{{vfsc_doc:20:1}},{{asic_doc:5:1}},{{TRADING_HOURS_M_F_930_16}},BAC,,{{img:https://strapi-content-264190062813.s3.ap-southeast-2.amazonaws.com/Property_1_US_eb7f7208c5.svg}}
US_STOCK,{{SYMBOL_BERKSHIRE}},{{PRODUCT_BERKSHIRE}},{{ASSET_CLASS_US_STOCK}},0.04,0.04,{{img:https://strapi-content-264190062813.s3.ap-southeast-2.amazonaws.com/Berkshire_05323443c2.svg}},NASDAQ,2.00,0,1,USD,1,500,{{vfsc_doc:20:1}},{{asic_doc:5:1}},{{TRADING_HOURS_M_F_930_16}},BRK.B,,{{img:https://strapi-content-264190062813.s3.ap-southeast-2.amazonaws.com/Property_1_US_eb7f7208c5.svg}}
US_STOCK,{{SYMBOL_BEYONDMEAT}},{{PRODUCT_BEYONDMEAT}},{{ASSET_CLASS_US_STOCK}},0.04,0.04,{{img:https://strapi-content-264190062813.s3.ap-southeast-2.amazonaws.com/Beyond_meat_7cb5760f82.svg}},NASDAQ,2,0,1,USD,1,500,{{vfsc_doc:20:1}},{{asic_doc:5:1}},{{TRADING_HOURS_M_F_930_16}},BYND,,{{img:https://strapi-content-264190062813.s3.ap-southeast-2.amazonaws.com/Property_1_US_eb7f7208c5.svg}}
US_STOCK,{{SYMBOL_BLACKROCK}},{{PRODUCT_BLACKROCK}},{{ASSET_CLASS_US_STOCK}},0.04,0.04,{{img:https://strapi-content-264190062813.s3.ap-southeast-2.amazonaws.com/blackrock_logo_nav_1_9f5c0fe2dd.svg}},NASDAQ,2,0,1,USD,1,500,{{vfsc_doc:20:1}},{{asic_doc:5:1}},{{TRADING_HOURS_M_F_930_16}},BLK,,{{img:https://strapi-content-264190062813.s3.ap-southeast-2.amazonaws.com/Property_1_US_eb7f7208c5.svg}}
US_STOCK,{{SYMBOL_BLOCKINC}},{{PRODUCT_BLOCKINC}},{{ASSET_CLASS_US_STOCK}},0.04,0.04,{{img:https://strapi-content-264190062813.s3.ap-southeast-2.amazonaws.com/Block_lockup_positive_1000x1000_1_1_2eb61d1afe.svg}},NASDAQ,2,0,1,USD,1,500,{{vfsc_doc:20:1}},{{asic_doc:5:1}},{{TRADING_HOURS_M_F_930_16}},SQ2,,{{img:https://strapi-content-264190062813.s3.ap-southeast-2.amazonaws.com/Property_1_US_eb7f7208c5.svg}}
US_STOCK,{{SYMBOL_BOEING}},{{PRODUCT_BOEING}},{{ASSET_CLASS_US_STOCK}},0.04,0.04,{{img:https://strapi-content-264190062813.s3.ap-southeast-2.amazonaws.com/boeing_97abcabe02.svg}},NYSE,2,0,1,USD,1,500,{{vfsc_doc:20:1}},{{asic_doc:5:1}},{{TRADING_HOURS_M_F_930_16}},BA,,{{img:https://strapi-content-264190062813.s3.ap-southeast-2.amazonaws.com/Property_1_US_eb7f7208c5.svg}}
US_STOCK,{{SYMBOL_BOOKING}},{{PRODUCT_BOOKING}},{{ASSET_CLASS_US_STOCK}},0.04,0.04,{{img:https://strapi-content-264190062813.s3.ap-southeast-2.amazonaws.com/booking_fa15cc9398.svg}},NASDAQ,2,0,1,USD,1,500,{{vfsc_doc:20:1}},{{asic_doc:5:1}},{{TRADING_HOURS_M_F_930_16}},BKNG,,{{img:https://strapi-content-264190062813.s3.ap-southeast-2.amazonaws.com/Property_1_US_eb7f7208c5.svg}}
US_STOCK,{{SYMBOL_BROADCOM}},{{PRODUCT_BROADCOM}},{{ASSET_CLASS_US_STOCK}},0.04,0.04,{{img:https://strapi-content-264190062813.s3.ap-southeast-2.amazonaws.com/Broadcom_0b6cf68108.svg}},NASDAQ,2,0,1,USD,1,500,{{vfsc_doc:20:1}},{{asic_doc:5:1}},{{TRADING_HOURS_M_F_930_16}},AVGO,,{{img:https://strapi-content-264190062813.s3.ap-southeast-2.amazonaws.com/Property_1_US_eb7f7208c5.svg}}
US_STOCK,{{SYMBOL_CATERPILLAR}},{{PRODUCT_CATERPILLAR}},{{ASSET_CLASS_US_STOCK}},0.04,0.04,{{img:https://strapi-content-264190062813.s3.ap-southeast-2.amazonaws.com/Caterpillar_f06d823d65.svg}},NYSE,2,0,1,USD,1,500,{{vfsc_doc:20:1}},{{asic_doc:5:1}},{{TRADING_HOURS_M_F_930_16}},CAT,,{{img:https://strapi-content-264190062813.s3.ap-southeast-2.amazonaws.com/Property_1_US_eb7f7208c5.svg}}
US_STOCK,{{SYMBOL_CHARLES_SCHWAB}},{{PRODUCT_CHARLES_SCHWAB}},{{ASSET_CLASS_US_STOCK}},0.04,0.04,{{img:https://strapi-content-264190062813.s3.ap-southeast-2.amazonaws.com/charles_schwab_1e20936613.svg}},NASDAQ,2,0,1,USD,1,500,{{vfsc_doc:20:1}},{{asic_doc:5:1}},{{TRADING_HOURS_M_F_930_16}},SCHW,,{{img:https://strapi-content-264190062813.s3.ap-southeast-2.amazonaws.com/Property_1_US_eb7f7208c5.svg}}
US_STOCK,{{SYMBOL_CHARTER}},{{PRODUCT_CHARTER}},{{ASSET_CLASS_US_STOCK}},0.04,0.04,{{img:https://strapi-content-264190062813.s3.ap-southeast-2.amazonaws.com/Charter_d99a311f6e.svg}},NASDAQ,2,0,1,USD,1,500,{{vfsc_doc:20:1}},{{asic_doc:5:1}},{{TRADING_HOURS_M_F_930_16}},CHTR,,{{img:https://strapi-content-264190062813.s3.ap-southeast-2.amazonaws.com/Property_1_US_eb7f7208c5.svg}}
US_STOCK,{{SYMBOL_CHEVRON}},{{PRODUCT_CHEVRON}},{{ASSET_CLASS_US_STOCK}},0.04,0.04,{{img:https://strapi-content-264190062813.s3.ap-southeast-2.amazonaws.com/Chevron_c9803623be.svg}},NYSE,2,0,1,USD,1,500,{{vfsc_doc:20:1}},{{asic_doc:5:1}},{{TRADING_HOURS_M_F_930_16}},CVX,,{{img:https://strapi-content-264190062813.s3.ap-southeast-2.amazonaws.com/Property_1_US_eb7f7208c5.svg}}
US_STOCK,{{SYMBOL_CISCO}},{{PRODUCT_CISCO}},{{ASSET_CLASS_US_STOCK}},0.04,0.04,{{img:https://strapi-content-264190062813.s3.ap-southeast-2.amazonaws.com/cisco_b66514cc3a.svg}},NASDAQ,2,0,1,USD,1,500,{{vfsc_doc:20:1}},{{asic_doc:5:1}},{{TRADING_HOURS_M_F_930_16}},CSCO,,{{img:https://strapi-content-264190062813.s3.ap-southeast-2.amazonaws.com/Property_1_US_eb7f7208c5.svg}}
US_STOCK,{{SYMBOL_CITIGROUP}},{{PRODUCT_CITIGROUP}},{{ASSET_CLASS_US_STOCK}},0.04,0.04,{{img:https://strapi-content-264190062813.s3.ap-southeast-2.amazonaws.com/City_Group_a69883082a.svg}},NASDAQ,2,0,1,USD,1,500,{{vfsc_doc:20:1}},{{asic_doc:5:1}},{{TRADING_HOURS_M_F_930_16}},C,,{{img:https://strapi-content-264190062813.s3.ap-southeast-2.amazonaws.com/Property_1_US_eb7f7208c5.svg}}
US_STOCK,{{SYMBOL_COCA_COLA}},{{PRODUCT_COCA_COLA}},{{ASSET_CLASS_US_STOCK}},0.04,0.04,{{img:https://strapi-content-264190062813.s3.ap-southeast-2.amazonaws.com/Coca_cola_6a13e9c913.svg}},NYSE,2,0,1,USD,1,500,{{vfsc_doc:20:1}},{{asic_doc:5:1}},{{TRADING_HOURS_M_F_930_16}},KO,,{{img:https://strapi-content-264190062813.s3.ap-southeast-2.amazonaws.com/Property_1_US_eb7f7208c5.svg}}
US_STOCK,{{SYMBOL_COINBASE}},{{PRODUCT_COINBASE}},{{ASSET_CLASS_US_STOCK}},0.04,0.04,{{img:https://strapi-content-264190062813.s3.ap-southeast-2.amazonaws.com/coinbase_f1b43b2bc3.svg}},NASDAQ,2,0,1,USD,1,500,{{vfsc_doc:20:1}},{{asic_doc:5:1}},{{TRADING_HOURS_M_F_930_16}},COIN,,{{img:https://strapi-content-264190062813.s3.ap-southeast-2.amazonaws.com/Property_1_US_eb7f7208c5.svg}}
US_STOCK,{{SYMBOL_COSTCO_WHOLESALE}},{{PRODUCT_COSTCO_WHOLESALE}},{{ASSET_CLASS_US_STOCK}},0.04,0.04,{{img:https://strapi-content-264190062813.s3.ap-southeast-2.amazonaws.com/Costco_Wholesale_e69631c283.svg}},NASDAQ,2,0,1,USD,1,500,{{vfsc_doc:20:1}},{{asic_doc:5:1}},{{TRADING_HOURS_M_F_930_16}},COST,,{{img:https://strapi-content-264190062813.s3.ap-southeast-2.amazonaws.com/Property_1_US_eb7f7208c5.svg}}
US_STOCK,{{SYMBOL_CVSHEALTH}},{{PRODUCT_CVSHEALTH}},{{ASSET_CLASS_US_STOCK}},0.04,0.04,{{img:https://strapi-content-264190062813.s3.ap-southeast-2.amazonaws.com/cvs_health_dea145e034.svg}},NASDAQ,2,0,1,USD,1,500,{{vfsc_doc:20:1}},{{asic_doc:5:1}},{{TRADING_HOURS_M_F_930_16}},CVS,,{{img:https://strapi-content-264190062813.s3.ap-southeast-2.amazonaws.com/Property_1_US_eb7f7208c5.svg}}
US_STOCK,{{SYMBOL_DIDI}},{{PRODUCT_DIDI}},{{ASSET_CLASS_US_STOCK}},0.04,0.04,{{img:https://strapi-content-264190062813.s3.ap-southeast-2.amazonaws.com/didi_d5ecbbf8d7.svg}},NASDAQ,2,0,1,USD,1,500,{{vfsc_doc:20:1}},{{asic_doc:5:1}},{{TRADING_HOURS_M_F_930_16}},DIDIY,,{{img:https://strapi-content-264190062813.s3.ap-southeast-2.amazonaws.com/Property_1_US_eb7f7208c5.svg}}
US_STOCK,{{SYMBOL_DOCUSIGN}},{{PRODUCT_DOCUSIGN}},{{ASSET_CLASS_US_STOCK}},0.04,0.04,{{img:https://strapi-content-264190062813.s3.ap-southeast-2.amazonaws.com/docu_Sign_7995a07216.svg}},NASDAQ,2,0,1,USD,1,500,{{vfsc_doc:20:1}},{{asic_doc:5:1}},{{TRADING_HOURS_M_F_930_16}},DOCU,,{{img:https://strapi-content-264190062813.s3.ap-southeast-2.amazonaws.com/Property_1_US_eb7f7208c5.svg}}
US_STOCK,{{SYMBOL_DOORDASH}},{{PRODUCT_DOORDASH}},{{ASSET_CLASS_US_STOCK}},0.04,0.04,{{img:https://strapi-content-264190062813.s3.ap-southeast-2.amazonaws.com/doordash_ce26dfc541.svg}},NASDAQ,2,0,1,USD,1,500,{{vfsc_doc:20:1}},{{asic_doc:5:1}},{{TRADING_HOURS_M_F_930_16}},DASH,,{{img:https://strapi-content-264190062813.s3.ap-southeast-2.amazonaws.com/Property_1_US_eb7f7208c5.svg}}
US_STOCK,{{SYMBOL_DOW}},{{PRODUCT_DOW}},{{ASSET_CLASS_US_STOCK}},0.04,0.04,{{img:https://strapi-content-264190062813.s3.ap-southeast-2.amazonaws.com/Dow_385350ef7c.svg}},NYSE,2,0,1,USD,1,500,{{vfsc_doc:20:1}},{{asic_doc:5:1}},{{TRADING_HOURS_M_F_930_16}},DJI,,{{img:https://strapi-content-264190062813.s3.ap-southeast-2.amazonaws.com/Property_1_US_eb7f7208c5.svg}}
US_STOCK,{{SYMBOL_EBAY}},{{PRODUCT_EBAY}},{{ASSET_CLASS_US_STOCK}},0.04,0.04,{{img:https://strapi-content-264190062813.s3.ap-southeast-2.amazonaws.com/Ebay_a78286e4fa.svg}},NASDAQ,2,0,1,USD,1,500,{{vfsc_doc:20:1}},{{asic_doc:5:1}},{{TRADING_HOURS_M_F_930_16}},EBAY,,{{img:https://strapi-content-264190062813.s3.ap-southeast-2.amazonaws.com/Property_1_US_eb7f7208c5.svg}}
US_STOCK,{{SYMBOL_ELECTRONIC_ARTS}},{{PRODUCT_ELECTRONIC_ARTS}},{{ASSET_CLASS_US_STOCK}},0.04,0.04,{{img:https://strapi-content-264190062813.s3.ap-southeast-2.amazonaws.com/EA_9b207b599b.svg}},NASDAQ,2,0,1,USD,1,500,{{vfsc_doc:20:1}},{{asic_doc:5:1}},{{TRADING_HOURS_M_F_930_16}},EA,,{{img:https://strapi-content-264190062813.s3.ap-southeast-2.amazonaws.com/Property_1_US_eb7f7208c5.svg}}
US_STOCK,{{SYMBOL_EXXONMOBIL}},{{PRODUCT_EXXONMOBIL}},{{ASSET_CLASS_US_STOCK}},0.04,0.04,{{img:https://strapi-content-264190062813.s3.ap-southeast-2.amazonaws.com/exxon_mobile_961fb893a7.svg}},NASDAQ,2,0,1,USD,1,500,{{vfsc_doc:20:1}},{{asic_doc:5:1}},{{TRADING_HOURS_M_F_930_16}},XOM,,{{img:https://strapi-content-264190062813.s3.ap-southeast-2.amazonaws.com/Property_1_US_eb7f7208c5.svg}}
US_STOCK,{{SYMBOL_FORD}},{{PRODUCT_FORD}},{{ASSET_CLASS_US_STOCK}},0.04,0.04,{{img:https://strapi-content-264190062813.s3.ap-southeast-2.amazonaws.com/ford_4e423ef18c.svg}},NASDAQ,2,0,1,USD,1,500,{{vfsc_doc:20:1}},{{asic_doc:5:1}},{{TRADING_HOURS_M_F_930_16}},F,,{{img:https://strapi-content-264190062813.s3.ap-southeast-2.amazonaws.com/Property_1_US_eb7f7208c5.svg}}
US_STOCK,{{SYMBOL_GENERAL_ELECTRIC}},{{PRODUCT_GENERAL_ELECTRIC}},{{ASSET_CLASS_US_STOCK}},0.04,0.04,{{img:https://strapi-content-264190062813.s3.ap-southeast-2.amazonaws.com/general_electric_5ccbbde053.svg}},NASDAQ,2,0,1,USD,1,500,{{vfsc_doc:20:1}},{{asic_doc:5:1}},{{TRADING_HOURS_M_F_930_16}},GE,,{{img:https://strapi-content-264190062813.s3.ap-southeast-2.amazonaws.com/Property_1_US_eb7f7208c5.svg}}
US_STOCK,{{SYMBOL_GENERAL_MOTORS}},{{PRODUCT_GENERAL_MOTORS}},{{ASSET_CLASS_US_STOCK}},0.04,0.04,{{img:https://strapi-content-264190062813.s3.ap-southeast-2.amazonaws.com/general_motors_52d7d21719.svg}},NASDAQ,2,0,1,USD,1,500,{{vfsc_doc:20:1}},{{asic_doc:5:1}},{{TRADING_HOURS_M_F_930_16}},GM,,{{img:https://strapi-content-264190062813.s3.ap-southeast-2.amazonaws.com/Property_1_US_eb7f7208c5.svg}}
US_STOCK,{{SYMBOL_GILEAD_SCIENCES}},{{PRODUCT_GILEAD_SCIENCES}},{{ASSET_CLASS_US_STOCK}},0.04,0.04,{{img:https://strapi-content-264190062813.s3.ap-southeast-2.amazonaws.com/Gilead_Sciences_dc8b45df5b.svg}},NASDAQ,2,0,1,USD,1,500,{{vfsc_doc:20:1}},{{asic_doc:5:1}},{{TRADING_HOURS_M_F_930_16}},GILD,,{{img:https://strapi-content-264190062813.s3.ap-southeast-2.amazonaws.com/Property_1_US_eb7f7208c5.svg}}
US_STOCK,{{SYMBOL_GOLDMAN_SACHS}},{{PRODUCT_GOLDMAN_SACHS}},{{ASSET_CLASS_US_STOCK}},0.04,0.04,{{img:https://strapi-content-264190062813.s3.ap-southeast-2.amazonaws.com/Goldman_Sachs_f8c718c463.svg}},NYSE,2,0,1,USD,1,500,{{vfsc_doc:20:1}},{{asic_doc:5:1}},{{TRADING_HOURS_M_F_930_16}},GS,,{{img:https://strapi-content-264190062813.s3.ap-southeast-2.amazonaws.com/Property_1_US_eb7f7208c5.svg}}
US_STOCK,{{SYMBOL_HOME_DEPOT}},{{PRODUCT_HOME_DEPOT}},{{ASSET_CLASS_US_STOCK}},0.04,0.04,{{img:https://strapi-content-264190062813.s3.ap-southeast-2.amazonaws.com/HOME_DEPOT_49f22f318f.svg}},NYSE,2,0,1,USD,1,500,{{vfsc_doc:20:1}},{{asic_doc:5:1}},{{TRADING_HOURS_M_F_930_16}},HD,,{{img:https://strapi-content-264190062813.s3.ap-southeast-2.amazonaws.com/Property_1_US_eb7f7208c5.svg}}
US_STOCK,{{SYMBOL_HONEYWELL}},{{PRODUCT_HONEYWELL}},{{ASSET_CLASS_US_STOCK}},0.04,0.04,{{img:https://strapi-content-264190062813.s3.ap-southeast-2.amazonaws.com/Honeywell_9823db90d0.svg}},NYSE,2,0,1,USD,1,500,{{vfsc_doc:20:1}},{{asic_doc:5:1}},{{TRADING_HOURS_M_F_930_16}},HON,,{{img:https://strapi-content-264190062813.s3.ap-southeast-2.amazonaws.com/Property_1_US_eb7f7208c5.svg}}
US_STOCK,{{SYMBOL_IBM}},{{PRODUCT_IBM}},{{ASSET_CLASS_US_STOCK}},0.04,0.04,{{img:https://strapi-content-264190062813.s3.ap-southeast-2.amazonaws.com/IBM_d4f6d0edea.svg}},NYSE,2,0,1,USD,1,500,{{vfsc_doc:20:1}},{{asic_doc:5:1}},{{TRADING_HOURS_M_F_930_16}},IBM,,{{img:https://strapi-content-264190062813.s3.ap-southeast-2.amazonaws.com/Property_1_US_eb7f7208c5.svg}}
US_STOCK,{{SYMBOL_INTEL}},{{PRODUCT_INTEL}},{{ASSET_CLASS_US_STOCK}},0.04,0.04,{{img:https://strapi-content-264190062813.s3.ap-southeast-2.amazonaws.com/Intel_76d999bde5.svg}},NASDAQ,2,0,1,USD,1,500,{{vfsc_doc:20:1}},{{asic_doc:5:1}},{{TRADING_HOURS_M_F_930_16}},INTC,,{{img:https://strapi-content-264190062813.s3.ap-southeast-2.amazonaws.com/Property_1_US_eb7f7208c5.svg}}
US_STOCK,{{SYMBOL_INTUIT}},{{PRODUCT_INTUIT}},{{ASSET_CLASS_US_STOCK}},0.04,0.04,{{img:https://strapi-content-264190062813.s3.ap-southeast-2.amazonaws.com/intuit_bdd15380dc.svg}},NASDAQ,2,0,1,USD,1,500,{{vfsc_doc:20:1}},{{asic_doc:5:1}},{{TRADING_HOURS_M_F_930_16}},INTU,,{{img:https://strapi-content-264190062813.s3.ap-southeast-2.amazonaws.com/Property_1_US_eb7f7208c5.svg}}
US_STOCK,{{SYMBOL_INTUITIVE_SURGICAL}},{{PRODUCT_INTUITIVE_SURGICAL}},{{ASSET_CLASS_US_STOCK}},0.04,0.04,{{img:https://strapi-content-264190062813.s3.ap-southeast-2.amazonaws.com/intuitive_9b6e640bdb.svg}},NASDAQ,2,0,1,USD,1,500,{{vfsc_doc:20:1}},{{asic_doc:5:1}},{{TRADING_HOURS_M_F_930_16}},ISRG,,{{img:https://strapi-content-264190062813.s3.ap-southeast-2.amazonaws.com/Property_1_US_eb7f7208c5.svg}}
US_STOCK,{{SYMBOL_JOHNSON_AND_JOHNSON}},{{PRODUCT_JOHNSON_AND_JOHNSON}},{{ASSET_CLASS_US_STOCK}},0.04,0.04,{{img:https://strapi-content-264190062813.s3.ap-southeast-2.amazonaws.com/JOHNSON_JOHNSON_99df84ee64.svg}},NYSE,2,0,1,USD,1,500,{{vfsc_doc:20:1}},{{asic_doc:5:1}},{{TRADING_HOURS_M_F_930_16}},JNJ,,{{img:https://strapi-content-264190062813.s3.ap-southeast-2.amazonaws.com/Property_1_US_eb7f7208c5.svg}}
US_STOCK,{{SYMBOL_JPMORGAN_CHASE_AND_CO}},{{PRODUCT_JPMORGAN_CHASE_AND_CO}},{{ASSET_CLASS_US_STOCK}},0.04,0.04,{{img:https://strapi-content-264190062813.s3.ap-southeast-2.amazonaws.com/JPMORGAN_947516a62c.svg}},NYSE,2,0,1,USD,1,500,{{vfsc_doc:20:1}},{{asic_doc:5:1}},{{TRADING_HOURS_M_F_930_16}},JPM,,{{img:https://strapi-content-264190062813.s3.ap-southeast-2.amazonaws.com/Property_1_US_eb7f7208c5.svg}}
US_STOCK,{{SYMBOL_LUCIDGROUP}},{{PRODUCT_LUCIDGROUP}},{{ASSET_CLASS_US_STOCK}},0.04,0.04,{{img:https://strapi-content-264190062813.s3.ap-southeast-2.amazonaws.com/lucid_2c5f439b7b.svg}},NASDAQ,2,0,1,USD,1,500,{{vfsc_doc:20:1}},{{asic_doc:5:1}},{{TRADING_HOURS_M_F_930_16}},LCID,,{{img:https://strapi-content-264190062813.s3.ap-southeast-2.amazonaws.com/Property_1_US_eb7f7208c5.svg}}
US_STOCK,{{SYMBOL_LYFT}},{{PRODUCT_LYFT}},{{ASSET_CLASS_US_STOCK}},0.04,0.04,{{img:https://strapi-content-264190062813.s3.ap-southeast-2.amazonaws.com/Lyft_4bbc5154b0.svg}},NASDAQ,2,0,1,USD,1,500,{{vfsc_doc:20:1}},{{asic_doc:5:1}},{{TRADING_HOURS_M_F_930_16}},LYFT,,{{img:https://strapi-content-264190062813.s3.ap-southeast-2.amazonaws.com/Property_1_US_eb7f7208c5.svg}}
US_STOCK,{{SYMBOL_MASTERCARD}},{{PRODUCT_MASTERCARD}},{{ASSET_CLASS_US_STOCK}},0.04,0.04,{{img:https://strapi-content-264190062813.s3.ap-southeast-2.amazonaws.com/mastercard_b1acf165f7.svg}},NASDAQ,2,0,1,USD,1,500,{{vfsc_doc:20:1}},{{asic_doc:5:1}},{{TRADING_HOURS_M_F_930_16}},MA,,{{img:https://strapi-content-264190062813.s3.ap-southeast-2.amazonaws.com/Property_1_US_eb7f7208c5.svg}}
US_STOCK,{{SYMBOL_MCDONALDS}},{{PRODUCT_MCDONALDS}},{{ASSET_CLASS_US_STOCK}},0.04,0.04,{{img:https://strapi-content-264190062813.s3.ap-southeast-2.amazonaws.com/mcdonalds_096abb4826.svg}},NYSE,2,0,1,USD,1,500,{{vfsc_doc:20:1}},{{asic_doc:5:1}},{{TRADING_HOURS_M_F_930_16}},MCD,,{{img:https://strapi-content-264190062813.s3.ap-southeast-2.amazonaws.com/Property_1_US_eb7f7208c5.svg}}
US_STOCK,{{SYMBOL_MEDTRONIC}},{{PRODUCT_MEDTRONIC}},{{ASSET_CLASS_US_STOCK}},0.04,0.04,{{img:https://strapi-content-264190062813.s3.ap-southeast-2.amazonaws.com/medtonic_98820eb1aa.svg}},NASDAQ,2,0,1,USD,1,500,{{vfsc_doc:20:1}},{{asic_doc:5:1}},{{TRADING_HOURS_M_F_930_16}},MDT,,{{img:https://strapi-content-264190062813.s3.ap-southeast-2.amazonaws.com/Property_1_US_eb7f7208c5.svg}}
US_STOCK,{{SYMBOL_MERCK}},{{PRODUCT_MERCK}},{{ASSET_CLASS_US_STOCK}},0.04,0.04,{{img:https://strapi-content-264190062813.s3.ap-southeast-2.amazonaws.com/Merck_7a448ccd44.svg}},NYSE,2,0,1,USD,1,500,{{vfsc_doc:20:1}},{{asic_doc:5:1}},{{TRADING_HOURS_M_F_930_16}},MRK,,{{img:https://strapi-content-264190062813.s3.ap-southeast-2.amazonaws.com/Property_1_US_eb7f7208c5.svg}}
US_STOCK,{{SYMBOL_MICRON_TECHNOLOGY}},{{PRODUCT_MICRON_TECHNOLOGY}},{{ASSET_CLASS_US_STOCK}},0.04,0.04,{{img:https://strapi-content-264190062813.s3.ap-southeast-2.amazonaws.com/micron_te_1_4488f17cfb.svg}},NASDAQ,2,0,1,USD,1,500,{{vfsc_doc:20:1}},{{asic_doc:5:1}},{{TRADING_HOURS_M_F_930_16}},MU,,{{img:https://strapi-content-264190062813.s3.ap-southeast-2.amazonaws.com/Property_1_US_eb7f7208c5.svg}}
US_STOCK,{{SYMBOL_MORGAN_STANLEY}},{{PRODUCT_MORGAN_STANLEY}},{{ASSET_CLASS_US_STOCK}},0.04,0.04,{{img:https://strapi-content-264190062813.s3.ap-southeast-2.amazonaws.com/morgan_stanley_18e7f935e6.svg}},NASDAQ,2,0,1,USD,1,500,{{vfsc_doc:20:1}},{{asic_doc:5:1}},{{TRADING_HOURS_M_F_930_16}},MS,,{{img:https://strapi-content-264190062813.s3.ap-southeast-2.amazonaws.com/Property_1_US_eb7f7208c5.svg}}
US_STOCK,{{SYMBOL_NIKE}},{{PRODUCT_NIKE}},{{ASSET_CLASS_US_STOCK}},0.04,0.04,{{img:https://strapi-content-264190062813.s3.ap-southeast-2.amazonaws.com/Nike_0462d5fc57.svg}},NYSE,2,0,1,USD,1,500,{{vfsc_doc:20:1}},{{asic_doc:5:1}},{{TRADING_HOURS_M_F_930_16}},NKE,,{{img:https://strapi-content-264190062813.s3.ap-southeast-2.amazonaws.com/Property_1_US_eb7f7208c5.svg}}
US_STOCK,{{SYMBOL_NIO}},{{PRODUCT_NIO}},{{ASSET_CLASS_US_STOCK}},0.04,0.04,{{img:https://strapi-content-264190062813.s3.ap-southeast-2.amazonaws.com/nio_ffa3068415.svg}},NASDAQ,2,0,1,USD,1,500,{{vfsc_doc:20:1}},{{asic_doc:5:1}},{{TRADING_HOURS_M_F_930_16}},NIO,,{{img:https://strapi-content-264190062813.s3.ap-southeast-2.amazonaws.com/Property_1_US_eb7f7208c5.svg}}
US_STOCK,{{SYMBOL_ORACLE}},{{PRODUCT_ORACLE}},{{ASSET_CLASS_US_STOCK}},0.04,0.04,{{img:https://strapi-content-264190062813.s3.ap-southeast-2.amazonaws.com/Oracle_6d10bc0f7c.svg}},NASDAQ,2,0,1,USD,1,500,{{vfsc_doc:20:1}},{{asic_doc:5:1}},{{TRADING_HOURS_M_F_930_16}},ORCL,,{{img:https://strapi-content-264190062813.s3.ap-southeast-2.amazonaws.com/Property_1_US_eb7f7208c5.svg}}
US_STOCK,{{SYMBOL_PEPSI}},{{PRODUCT_PEPSI}},{{ASSET_CLASS_US_STOCK}},0.04,0.04,{{img:https://strapi-content-264190062813.s3.ap-southeast-2.amazonaws.com/Pepsi_a8c7f04b1c.svg}},NASDAQ,2,0,1,USD,1,500,{{vfsc_doc:20:1}},{{asic_doc:5:1}},{{TRADING_HOURS_M_F_930_16}},PEP,,{{img:https://strapi-content-264190062813.s3.ap-southeast-2.amazonaws.com/Property_1_US_eb7f7208c5.svg}}
US_STOCK,{{SYMBOL_PFIZER}},{{PRODUCT_PFIZER}},{{ASSET_CLASS_US_STOCK}},0.04,0.04,{{img:https://strapi-content-264190062813.s3.ap-southeast-2.amazonaws.com/Phiser_6dd720a317.svg}},NASDAQ,2,0.00,1,USD,1,500,{{vfsc_doc:20:1}},{{asic_doc:5:1}},{{TRADING_HOURS_M_F_930_16}},PFE,,{{img:https://strapi-content-264190062813.s3.ap-southeast-2.amazonaws.com/Property_1_US_eb7f7208c5.svg}}
US_STOCK,{{SYMBOL_PHILIP_MORRIS_INTERNATIONAL}},{{PRODUCT_PHILIP_MORRIS_INTERNATIONAL}},{{ASSET_CLASS_US_STOCK}},0.04,0.04,{{img:https://strapi-content-264190062813.s3.ap-southeast-2.amazonaws.com/Philip_Morris_83f0a2b2d0.svg}},NASDAQ,2,0,1,USD,1,500,{{vfsc_doc:20:1}},{{asic_doc:5:1}},{{TRADING_HOURS_M_F_930_16}},PM,,{{img:https://strapi-content-264190062813.s3.ap-southeast-2.amazonaws.com/Property_1_US_eb7f7208c5.svg}}
US_STOCK,{{SYMBOL_PINTEREST}},{{PRODUCT_PINTEREST}},{{ASSET_CLASS_US_STOCK}},0.04,0.04,{{img:https://strapi-content-264190062813.s3.ap-southeast-2.amazonaws.com/pinterest_8fe8782e32.svg}},NASDAQ,2,0,1,USD,1,500,{{vfsc_doc:20:1}},{{asic_doc:5:1}},{{TRADING_HOURS_M_F_930_16}},PINS,,{{img:https://strapi-content-264190062813.s3.ap-southeast-2.amazonaws.com/Property_1_US_eb7f7208c5.svg}}
US_STOCK,{{SYMBOL_PROCTER_AND_GAMBLE}},{{PRODUCT_PROCTER_AND_GAMBLE}},{{ASSET_CLASS_US_STOCK}},0.04,0.04,{{img:https://strapi-content-264190062813.s3.ap-southeast-2.amazonaws.com/PROCTER_GAMBLE_755c74f868.svg}},NYSE,2,0,1,USD,1,500,{{vfsc_doc:20:1}},{{asic_doc:5:1}},{{TRADING_HOURS_M_F_930_16}},PG,,{{img:https://strapi-content-264190062813.s3.ap-southeast-2.amazonaws.com/Property_1_US_eb7f7208c5.svg}}
US_STOCK,{{SYMBOL_QUALCOMM}},{{PRODUCT_QUALCOMM}},{{ASSET_CLASS_US_STOCK}},0.04,0.04,{{img:https://strapi-content-264190062813.s3.ap-southeast-2.amazonaws.com/qualcomm_20a252591d.svg}},NASDAQ,2,0,1,USD,1,500,{{vfsc_doc:20:1}},{{asic_doc:5:1}},{{TRADING_HOURS_M_F_930_16}},QCOM,,{{img:https://strapi-content-264190062813.s3.ap-southeast-2.amazonaws.com/Property_1_US_eb7f7208c5.svg}}
US_STOCK,{{SYMBOL_QUANTUMSCAPE}},{{PRODUCT_QUANTUMSCAPE}},{{ASSET_CLASS_US_STOCK}},0.04,0.04,{{img:https://strapi-content-264190062813.s3.ap-southeast-2.amazonaws.com/quantumscape_0a6f1dfc88.svg}},NASDAQ,2,0,1,USD,1,500,{{vfsc_doc:20:1}},{{asic_doc:5:1}},{{TRADING_HOURS_M_F_930_16}},QS,,{{img:https://strapi-content-264190062813.s3.ap-southeast-2.amazonaws.com/Property_1_US_eb7f7208c5.svg}}
US_STOCK,{{SYMBOL_ROBINHOOD_MARKETS}},{{PRODUCT_ROBINHOOD_MARKETS}},{{ASSET_CLASS_US_STOCK}},0.04,0.04,{{img:https://strapi-content-264190062813.s3.ap-southeast-2.amazonaws.com/robinhood_6a7413fc1d.svg}},NASDAQ,2,0,1,USD,1,500,{{vfsc_doc:20:1}},{{asic_doc:5:1}},{{TRADING_HOURS_M_F_930_16}},HOOD,,{{img:https://strapi-content-264190062813.s3.ap-southeast-2.amazonaws.com/Property_1_US_eb7f7208c5.svg}}
US_STOCK,{{SYMBOL_ROKU}},{{PRODUCT_ROKU}},{{ASSET_CLASS_US_STOCK}},0.04,0.04,{{img:https://strapi-content-264190062813.s3.ap-southeast-2.amazonaws.com/roku_083a448cea.svg}},NASDAQ,2,0,1,USD,1,500,{{vfsc_doc:20:1}},{{asic_doc:5:1}},{{TRADING_HOURS_M_F_930_16}},ROKU,,{{img:https://strapi-content-264190062813.s3.ap-southeast-2.amazonaws.com/Property_1_US_eb7f7208c5.svg}}
US_STOCK,{{SYMBOL_SANDPGLOBAL}},{{PRODUCT_SANDPGLOBAL}},{{ASSET_CLASS_US_STOCK}},0.04,0.04,{{img:https://strapi-content-264190062813.s3.ap-southeast-2.amazonaws.com/s_m_global_925eee15af.svg}},NASDAQ,2,0,1,USD,1,500,{{vfsc_doc:20:1}},{{asic_doc:5:1}},{{TRADING_HOURS_M_F_930_16}},SPGI,,{{img:https://strapi-content-264190062813.s3.ap-southeast-2.amazonaws.com/Property_1_US_eb7f7208c5.svg}}
US_STOCK,{{SYMBOL_SALESFORCE}},{{PRODUCT_SALESFORCE}},{{ASSET_CLASS_US_STOCK}},0.04,0.04,{{img:https://strapi-content-264190062813.s3.ap-southeast-2.amazonaws.com/Salesforce_5dce9102de.svg}},NYSE,2,0,1,USD,1,500,{{vfsc_doc:20:1}},{{asic_doc:5:1}},{{TRADING_HOURS_M_F_930_16}},CRM,,{{img:https://strapi-content-264190062813.s3.ap-southeast-2.amazonaws.com/Property_1_US_eb7f7208c5.svg}}
US_STOCK,{{SYMBOL_SERVICENOW}},{{PRODUCT_SERVICENOW}},{{ASSET_CLASS_US_STOCK}},0.04,0.04,{{img:https://strapi-content-264190062813.s3.ap-southeast-2.amazonaws.com/servicenow_header_logo_2_880eb6f7df.svg}},NASDAQ,2,0,1,USD,1,500,{{vfsc_doc:20:1}},{{asic_doc:5:1}},{{TRADING_HOURS_M_F_930_16}},NOW,,{{img:https://strapi-content-264190062813.s3.ap-southeast-2.amazonaws.com/Property_1_US_eb7f7208c5.svg}}
US_STOCK,{{SYMBOL_SHOPIFY}},{{PRODUCT_SHOPIFY}},{{ASSET_CLASS_US_STOCK}},0.04,0.04,{{img:https://strapi-content-264190062813.s3.ap-southeast-2.amazonaws.com/Shopify_f27b2f490d.svg}},NASDAQ,2,0,1,USD,1,500,{{vfsc_doc:20:1}},{{asic_doc:5:1}},{{TRADING_HOURS_M_F_930_16}},SHOP,,{{img:https://strapi-content-264190062813.s3.ap-southeast-2.amazonaws.com/Property_1_US_eb7f7208c5.svg}}
US_STOCK,{{SYMBOL_SNAPCHAT}},{{PRODUCT_SNAPCHAT}},{{ASSET_CLASS_US_STOCK}},0.04,0.04,{{img:https://strapi-content-264190062813.s3.ap-southeast-2.amazonaws.com/snapchat_86a6a5ace1.svg}},NASDAQ,2,0,1,USD,1,500,{{vfsc_doc:20:1}},{{asic_doc:5:1}},{{TRADING_HOURS_M_F_930_16}},SNAP,,{{img:https://strapi-content-264190062813.s3.ap-southeast-2.amazonaws.com/Property_1_US_eb7f7208c5.svg}}
US_STOCK,{{SYMBOL_SNOWFLAKE}},{{PRODUCT_SNOWFLAKE}},{{ASSET_CLASS_US_STOCK}},0.04,0.04,{{img:https://strapi-content-264190062813.s3.ap-southeast-2.amazonaws.com/Snowflake_00ebde2da7.svg}},NASDAQ,2,0,1,USD,1,500,{{vfsc_doc:20:1}},{{asic_doc:5:1}},{{TRADING_HOURS_M_F_930_16}},SNOW,,{{img:https://strapi-content-264190062813.s3.ap-southeast-2.amazonaws.com/Property_1_US_eb7f7208c5.svg}}
US_STOCK,{{SYMBOL_SPOTIFY}},{{PRODUCT_SPOTIFY}},{{ASSET_CLASS_US_STOCK}},0.04,0.04,{{img:https://strapi-content-264190062813.s3.ap-southeast-2.amazonaws.com/spotify_fc7b21a4b3.svg}},NASDAQ,2,0,1,USD,1,500,{{vfsc_doc:20:1}},{{asic_doc:5:1}},{{TRADING_HOURS_M_F_930_16}},SPOT,,{{img:https://strapi-content-264190062813.s3.ap-southeast-2.amazonaws.com/Property_1_US_eb7f7208c5.svg}}
US_STOCK,{{SYMBOL_STARBUCKS}},{{PRODUCT_STARBUCKS}},{{ASSET_CLASS_US_STOCK}},0.04,0.04,{{img:https://strapi-content-264190062813.s3.ap-southeast-2.amazonaws.com/Starbucks_91d9ed600d.svg}},NASDAQ,2,0,1,USD,1,500,{{vfsc_doc:20:1}},{{asic_doc:5:1}},{{TRADING_HOURS_M_F_930_16}},SBUX,,{{img:https://strapi-content-264190062813.s3.ap-southeast-2.amazonaws.com/Property_1_US_eb7f7208c5.svg}}
US_STOCK,{{SYMBOL_TARGET}},{{PRODUCT_TARGET}},{{ASSET_CLASS_US_STOCK}},0.04,0.04,{{img:https://strapi-content-264190062813.s3.ap-southeast-2.amazonaws.com/Target_corp_1e2b5f1933.svg}},NASDAQ,2,0,1,USD,1,500,{{vfsc_doc:20:1}},{{asic_doc:5:1}},{{TRADING_HOURS_M_F_930_16}},TGT,,{{img:https://strapi-content-264190062813.s3.ap-southeast-2.amazonaws.com/Property_1_US_eb7f7208c5.svg}}
US_STOCK,{{SYMBOL_TEXAS_INSTRUMENTS}},{{PRODUCT_TEXAS_INSTRUMENTS}},{{ASSET_CLASS_US_STOCK}},0.04,0.04,{{img:https://strapi-content-264190062813.s3.ap-southeast-2.amazonaws.com/Texas_instruments_c2360ed4b0.svg}},NASDAQ,2,0,1,USD,1,500,{{vfsc_doc:20:1}},{{asic_doc:5:1}},{{TRADING_HOURS_M_F_930_16}},TXN,,{{img:https://strapi-content-264190062813.s3.ap-southeast-2.amazonaws.com/Property_1_US_eb7f7208c5.svg}}
US_STOCK,{{SYMBOL_THERMO_FISHER_SCIENTIFIC}},{{PRODUCT_THERMO_FISHER_SCIENTIFIC}},{{ASSET_CLASS_US_STOCK}},0.04,0.04,{{img:https://strapi-content-264190062813.s3.ap-southeast-2.amazonaws.com/Thermo_Fisher_b419460630.svg}},NASDAQ,2,0,1,USD,1,500,{{vfsc_doc:20:1}},{{asic_doc:5:1}},{{TRADING_HOURS_M_F_930_16}},TMO,,{{img:https://strapi-content-264190062813.s3.ap-southeast-2.amazonaws.com/Property_1_US_eb7f7208c5.svg}}
US_STOCK,{{SYMBOL_TMEGROUP}},{{PRODUCT_TMEGROUP}},{{ASSET_CLASS_US_STOCK}},0.04,0.04,{{img:https://strapi-content-264190062813.s3.ap-southeast-2.amazonaws.com/tencent_music_0661e1993c.svg}},NASDAQ,2,0,1,USD,1,500,{{vfsc_doc:20:1}},{{asic_doc:5:1}},{{TRADING_HOURS_M_F_930_16}},TME,,{{img:https://strapi-content-264190062813.s3.ap-southeast-2.amazonaws.com/Property_1_US_eb7f7208c5.svg}}
US_STOCK,{{SYMBOL_TOYOTA}},{{PRODUCT_TOYOTA}},{{ASSET_CLASS_US_STOCK}},0.04,0.04,{{img:https://strapi-content-264190062813.s3.ap-southeast-2.amazonaws.com/Toyota_5e664a6de1.svg}},NASDAQ,2,0,1,USD,1,500,{{vfsc_doc:20:1}},{{asic_doc:5:1}},{{TRADING_HOURS_M_F_930_16}},TM,,{{img:https://strapi-content-264190062813.s3.ap-southeast-2.amazonaws.com/Property_1_US_eb7f7208c5.svg}}
US_STOCK,{{SYMBOL_TRAVELERS}},{{PRODUCT_TRAVELERS}},{{ASSET_CLASS_US_STOCK}},0.04,0.04,{{img:https://strapi-content-264190062813.s3.ap-southeast-2.amazonaws.com/Travelers_be3ba99dd3.svg}},NYSE,2,0,1,USD,1,500,{{vfsc_doc:20:1}},{{asic_doc:5:1}},{{TRADING_HOURS_M_F_930_16}},TRV,,{{img:https://strapi-content-264190062813.s3.ap-southeast-2.amazonaws.com/Property_1_US_eb7f7208c5.svg}}
US_STOCK,{{SYMBOL_TSMC}},{{PRODUCT_TSMC}},{{ASSET_CLASS_US_STOCK}},0.04,0.04,{{img:https://strapi-content-264190062813.s3.ap-southeast-2.amazonaws.com/taiwan_semiconductor_ef9bbd4d56.svg}},NASDAQ,2,0,1,USD,1,500,{{vfsc_doc:20:1}},{{asic_doc:5:1}},{{TRADING_HOURS_M_F_930_16}},TSM,,{{img:https://strapi-content-264190062813.s3.ap-southeast-2.amazonaws.com/Property_1_US_eb7f7208c5.svg}}
US_STOCK,{{SYMBOL_TWILIO}},{{PRODUCT_TWILIO}},{{ASSET_CLASS_US_STOCK}},0.04,0.04,{{img:https://strapi-content-264190062813.s3.ap-southeast-2.amazonaws.com/twilio_426cf8a86e.svg}},NASDAQ,2,0,1,USD,1,500,{{vfsc_doc:20:1}},{{asic_doc:5:1}},{{TRADING_HOURS_M_F_930_16}},TWLO,,{{img:https://strapi-content-264190062813.s3.ap-southeast-2.amazonaws.com/Property_1_US_eb7f7208c5.svg}}
US_STOCK,{{SYMBOL_UBER}},{{PRODUCT_UBER}},{{ASSET_CLASS_US_STOCK}},0.04,0.04,{{img:https://strapi-content-264190062813.s3.ap-southeast-2.amazonaws.com/uber_72ece558be.svg}},NASDAQ,2,0,1,USD,1,500,{{vfsc_doc:20:1}},{{asic_doc:5:1}},{{TRADING_HOURS_M_F_930_16}},UBER,,{{img:https://strapi-content-264190062813.s3.ap-southeast-2.amazonaws.com/Property_1_US_eb7f7208c5.svg}}
US_STOCK,{{SYMBOL_UNIONPACIFIC}},{{PRODUCT_UNIONPACIFIC}},{{ASSET_CLASS_US_STOCK}},0.04,0.04,{{img:https://strapi-content-264190062813.s3.ap-southeast-2.amazonaws.com/Union_Pacific_a3f88dbbc6.svg}},NASDAQ,2,0,1,USD,1,500,{{vfsc_doc:20:1}},{{asic_doc:5:1}},{{TRADING_HOURS_M_F_930_16}},UNP,,{{img:https://strapi-content-264190062813.s3.ap-southeast-2.amazonaws.com/Property_1_US_eb7f7208c5.svg}}
US_STOCK,{{SYMBOL_UNITEDHEALTH}},{{PRODUCT_UNITEDHEALTH}},{{ASSET_CLASS_US_STOCK}},0.04,0.04,{{img:https://strapi-content-264190062813.s3.ap-southeast-2.amazonaws.com/UNITEDHEALTH_fbe44b8ba8.svg}},NYSE,2,0,1,USD,1,500,{{vfsc_doc:20:1}},{{asic_doc:5:1}},{{TRADING_HOURS_M_F_930_16}},UNH,,{{img:https://strapi-content-264190062813.s3.ap-southeast-2.amazonaws.com/Property_1_US_eb7f7208c5.svg}}
US_STOCK,{{SYMBOL_UNITED_PARCEL_SERVICE}},{{PRODUCT_UNITED_PARCEL_SERVICE}},{{ASSET_CLASS_US_STOCK}},0.04,0.04,{{img:https://strapi-content-264190062813.s3.ap-southeast-2.amazonaws.com/ups_logo_1_1_06c8007c67.svg}},NASDAQ,2,0,1,USD,1,500,{{vfsc_doc:20:1}},{{asic_doc:5:1}},{{TRADING_HOURS_M_F_930_16}},UPS,,{{img:https://strapi-content-264190062813.s3.ap-southeast-2.amazonaws.com/Property_1_US_eb7f7208c5.svg}}
US_STOCK,{{SYMBOL_VERIZON}},{{PRODUCT_VERIZON}},{{ASSET_CLASS_US_STOCK}},0.04,0.04,{{img:https://strapi-content-264190062813.s3.ap-southeast-2.amazonaws.com/Verizon_6a6e1e163b.svg}},NYSE,2,0,1,USD,1,500,{{vfsc_doc:20:1}},{{asic_doc:5:1}},{{TRADING_HOURS_M_F_930_16}},VZ,,{{img:https://strapi-content-264190062813.s3.ap-southeast-2.amazonaws.com/Property_1_US_eb7f7208c5.svg}}
US_STOCK,{{SYMBOL_VIRGIN_GALACTIC}},{{PRODUCT_VIRGIN_GALACTIC}},{{ASSET_CLASS_US_STOCK}},0.04,0.04,{{img:https://strapi-content-264190062813.s3.ap-southeast-2.amazonaws.com/virgin_galactic_32f5a56404.svg}},NASDAQ,2,0,1,USD,1,500,{{vfsc_doc:20:1}},{{asic_doc:5:1}},{{TRADING_HOURS_M_F_930_16}},SPCE,,{{img:https://strapi-content-264190062813.s3.ap-southeast-2.amazonaws.com/Property_1_US_eb7f7208c5.svg}}
US_STOCK,{{SYMBOL_VISA}},{{PRODUCT_VISA}},{{ASSET_CLASS_US_STOCK}},0.04,0.04,{{img:https://strapi-content-264190062813.s3.ap-southeast-2.amazonaws.com/VISA_f30fdf64a0.svg}},NYSE,2,0,1,USD,1,500,{{vfsc_doc:20:1}},{{asic_doc:5:1}},{{TRADING_HOURS_M_F_930_16}},V,,{{img:https://strapi-content-264190062813.s3.ap-southeast-2.amazonaws.com/Property_1_US_eb7f7208c5.svg}}
US_STOCK,{{SYMBOL_WALGREENS}},{{PRODUCT_WALGREENS}},{{ASSET_CLASS_US_STOCK}},0.04,0.04,{{img:https://strapi-content-264190062813.s3.ap-southeast-2.amazonaws.com/Walgreens_Boots_Alliance_4649ea5461.svg}},NYSE,2,0,1,USD,1,500,{{vfsc_doc:20:1}},{{asic_doc:5:1}},{{TRADING_HOURS_M_F_930_16}},WBA,,{{img:https://strapi-content-264190062813.s3.ap-southeast-2.amazonaws.com/Property_1_US_eb7f7208c5.svg}}
US_STOCK,{{SYMBOL_WALMART}},{{PRODUCT_WALMART}},{{ASSET_CLASS_US_STOCK}},0.04,0.04,{{img:https://strapi-content-264190062813.s3.ap-southeast-2.amazonaws.com/WALMART_b6444b7f1f.svg}},NYSE,2,0,1,USD,1,500,{{vfsc_doc:20:1}},{{asic_doc:5:1}},{{TRADING_HOURS_M_F_930_16}},WMT,,{{img:https://strapi-content-264190062813.s3.ap-southeast-2.amazonaws.com/Property_1_US_eb7f7208c5.svg}}
US_STOCK,{{SYMBOL_WALT_DISNEY}},{{PRODUCT_WALT_DISNEY}},{{ASSET_CLASS_US_STOCK}},0.04,0.04,{{img:https://strapi-content-264190062813.s3.ap-southeast-2.amazonaws.com/WALT_DISNEY_240f1281c2.svg}},NYSE,2,0,1,USD,1,500,{{vfsc_doc:20:1}},{{asic_doc:5:1}},{{TRADING_HOURS_M_F_930_16}},DIS,,{{img:https://strapi-content-264190062813.s3.ap-southeast-2.amazonaws.com/Property_1_US_eb7f7208c5.svg}}
US_STOCK,{{SYMBOL_WELLSFARGO}},{{PRODUCT_WELLSFARGO}},{{ASSET_CLASS_US_STOCK}},0.04,0.04,{{img:https://strapi-content-264190062813.s3.ap-southeast-2.amazonaws.com/wells_fargo_ce70039a6c.svg}},NASDAQ,2,0,1,USD,1,500,{{vfsc_doc:20:1}},{{asic_doc:5:1}},{{TRADING_HOURS_M_F_930_16}},WFC,,{{img:https://strapi-content-264190062813.s3.ap-southeast-2.amazonaws.com/Property_1_US_eb7f7208c5.svg}}
SOFT_COMMODITIES,{{SYMBOL_SOYBEAN}},{{PRODUCT_SOYBEAN}},{{ASSET_CLASS_SOFT_COMMODITIES}},5,8.26,,,,,,,,,,,,,,
SOFT_COMMODITIES,{{SYMBOL_SUGARRAW}},{{PRODUCT_SUGARRAW}},{{ASSET_CLASS_SOFT_COMMODITIES}},2,3.23,,,,,,,,,,,,,,
SOFT_COMMODITIES,{{SYMBOL_USCOCOA}},{{PRODUCT_USCOCOA}},{{ASSET_CLASS_SOFT_COMMODITIES}},25.00,62.06,,,,,,,,,,,,,,
SOFT_COMMODITIES,{{SYMBOL_COFROB}},{{PRODUCT_COFROB}},{{ASSET_CLASS_SOFT_COMMODITIES}},5.00,29.40,,,,,,,,,,,,,,
SOFT_COMMODITIES,{{SYMBOL_COFARA}},{{PRODUCT_COFARA}},{{ASSET_CLASS_SOFT_COMMODITIES}},1,2.17,,,,,,,,,,,,,,
SOFT_COMMODITIES,{{SYMBOL_COTTON}},{{PRODUCT_COTTON}},{{ASSET_CLASS_SOFT_COMMODITIES}},6,9.03,,,,,,,,,,,,,,
SOFT_COMMODITIES,{{SYMBOL_CORN}},{{PRODUCT_CORN}},{{ASSET_CLASS_SOFT_COMMODITIES}},3,5.77,,,,,,,,,,,,,,
SOFT_COMMODITIES,{{SYMBOL_WHEAT}},{{PRODUCT_WHEAT}},{{ASSET_CLASS_SOFT_COMMODITIES}},3.00,6.27,,,,,,,,,,,,,,
CRYPTOCURRENCIES,{{SYMBOL_BTC_USD}},{{PRODUCT_BTC_USD}},{{ASSET_CLASS_CRYPTOCURRENCIES}},14,18.97,{{img:https://strapi-content-264190062813.s3.ap-southeast-2.amazonaws.com/image_48_f5ee571cc4.svg}},,,,,,,,,,24/7,,,
CRYPTOCURRENCIES,{{SYMBOL_ETH_USD}},{{PRODUCT_ETH_USD}},{{ASSET_CLASS_CRYPTOCURRENCIES}},2.37,2.9,{{img:https://strapi-content-264190062813.s3.ap-southeast-2.amazonaws.com/image_49_e4ff7824c0.svg}},,,,,,,,,,24/7,,,
CRYPTOCURRENCIES,{{SYMBOL_DOGE_USD}},{{PRODUCT_DOGE_USD}},{{ASSET_CLASS_CRYPTOCURRENCIES}},0.0,0.0,{{img:https://strapi-content-264190062813.s3.ap-southeast-2.amazonaws.com/image_50_739f8802cf.svg}},,,,,,,,,,24/7,,,
CRYPTOCURRENCIES,{{SYMBOL_SOL_USD}},{{PRODUCT_SOL_USD}},{{ASSET_CLASS_CRYPTOCURRENCIES}},0.14,0.16,{{img:https://strapi-content-264190062813.s3.ap-southeast-2.amazonaws.com/image_51_a9d20f2d50.svg}},,,,,,,,,,24/7,,,
CRYPTOCURRENCIES,{{SYMBOL_ADA_USD}},{{PRODUCT_ADA_USD}},{{ASSET_CLASS_CRYPTOCURRENCIES}},0.0,0.0,{{img:https://strapi-content-264190062813.s3.ap-southeast-2.amazonaws.com/image_61_4dbd3510a8.svg}},,,,,,,,,,24/7,,,
CRYPTOCURRENCIES,{{SYMBOL_AVAX_USD}},{{PRODUCT_AVAX_USD}},{{ASSET_CLASS_CRYPTOCURRENCIES}},0.03,0.03,{{img:https://strapi-content-264190062813.s3.ap-southeast-2.amazonaws.com/image_53_5bc192e231.svg}},,,,,,,,,,24/7,,,
CRYPTOCURRENCIES,{{SYMBOL_DOT_USD}},{{PRODUCT_DOT_USD}},{{ASSET_CLASS_CRYPTOCURRENCIES}},0.03,0.03,{{img:https://strapi-content-264190062813.s3.ap-southeast-2.amazonaws.com/image_54_dbd09f5424.svg}},,,,,,,,,,24/7,,,
CRYPTOCURRENCIES,{{SYMBOL_BCH_USD}},{{PRODUCT_BCH_USD}},{{ASSET_CLASS_CRYPTOCURRENCIES}},1.08,1.51,{{img:https://strapi-content-264190062813.s3.ap-southeast-2.amazonaws.com/image_55_944dc5f9bf.svg}},,,,,,,,,,24/7,,,
CRYPTOCURRENCIES,{{SYMBOL_BNB_USD}},{{PRODUCT_BNB_USD}},{{ASSET_CLASS_CRYPTOCURRENCIES}},0.7,0.91,{{img:https://strapi-content-264190062813.s3.ap-southeast-2.amazonaws.com/image_56_d68e3dbb7b.svg}},,,,,,,,,,24/7,,,
CRYPTOCURRENCIES,{{SYMBOL_MATIC_USD}},{{PRODUCT_MATIC_USD}},{{ASSET_CLASS_CRYPTOCURRENCIES}},0.0,0.0,{{img:https://strapi-content-264190062813.s3.ap-southeast-2.amazonaws.com/image_57_afd4937ef2.svg}},,,,,,,,,,24/7,,,
CRYPTOCURRENCIES,{{SYMBOL_XLM_USD}},{{PRODUCT_XLM_USD}},{{ASSET_CLASS_CRYPTOCURRENCIES}},0.0,0.0,{{img:https://strapi-content-264190062813.s3.ap-southeast-2.amazonaws.com/image_58_77b13e9d45.svg}},,,,,,,,,,24/7,,,
CRYPTOCURRENCIES,{{SYMBOL_STARLNK_USD}},{{PRODUCT_STARLNK_USD}},{{ASSET_CLASS_CRYPTOCURRENCIES}},0.03,0.03,{{img:https://strapi-content-264190062813.s3.ap-southeast-2.amazonaws.com/chainlink_link_logotype_1_b71a1be292.svg}},,,,,,,,,,24/7,,,